Videocard Name,G3D Mark -,G2D Mark -
128 DDR Radeon 9700 TX w/TV-Out,44,152
128 DDR Radeon 9800 Pro,62,191
128MB DDR Radeon 9800 Pro,66,175
128MB RADEON X600 SE,49,229
15FF,"8,229",538
256MB DDR Radeon 9800 XT,38,192
256MB RADEON X600,67,252
3DP Edition,827,931
64MB DDR GeForce3 Ti 200,6,218
64MB GeForce2 MX with TV Out,3,98
7900 MOD - Radeon HD 6520G,610,323
7900 MOD - Radeon HD 6550D,893,536
9xx Soldiers sans frontiers Sigma 2,22,253
A10-8700P,514,302
A16,"5,797",56
A40-12Q,"5,573",198
A6 Micro-6500T Quad-Core APU with RadeonR4,220,127
ABIT Siluro T400,4,151
ALL-IN-WONDER 9000,5,103
ALL-IN-WONDER 9800,23,139
ALL-IN-WONDER RADEON 8500DV,6,128
All-in-Wonder X1800XL,30,283
All-in-Wonder X1900,127,445
ALL-IN-WONDER X800 GT,84,186
AMIGAMERLIN 3.1-R1 For Voodoo 4 4500 PCI,3,110
ASUS A7000,9,164
ASUS AGP-V3800PRO v31.40H,5,149
ASUS EAH4870x2,496,539
Asus GTX 650 FML II EC-EGPU,721,534
ASUS V9520-X V62.11,8,208
B8DKMDAP,"4,557",534
Barco MXRT 1450,206,520
Barco MXRT 2600,900,649
Barco MXRT 5400,"1,161",457
Barco MXRT 5450,"1,079",478
Barco MXRT 5500,"2,702",510
Barco MXRT 7100,180,659
Barco MXRT 7400,901,682
Barco MXRT 7500,"4,319",762
Barco MXRT 7600,"4,944",442
BASICDISPLAY,70,691
CARRIZO 9874,247,69
Citrix Indirect Display Adapter,"4,447",700
CONNECT 3D RADEON X300,36,191
Custom GPU 0405,"2,832",489
Dell 8100,2,58
Dell 8200,4,205
Diamond X1300-PCIE 256MB,70,286
EAH5450,134,216
EG PARK,141,7
EIZO MED-X5000,"3,038",405
EIZO Quadro MED-XN51LP,"4,955",812
Embedded Radeon E9173,"1,798",368
Extreme AX850 PRO,120,218
Familia Intel Q33 Express Chipset,10,168
Famille de jeu de puces Express Intel 946GZ,7,230
FireGL T2-128,31,178
FireGL V3100,53,275
FireGL V3200,85,236
FireGL V3300,71,326
FireGL V3350,69,336
FireGL V3400,103,353
FireGL V3600,180,399
FireGL V5100,93,250
FireGL V5200,115,348
FireGL V5600,341,445
FireGL V7100,72,223
FireGL V7200,116,348
FireGL V7300,128,322
FireGL V7350,111,344
FireGL V7600,616,488
FireGL V7700,660,422
FireGL V8600,839,406
FireGL V8650,550,637
FireGL X1,59,167
FireMV 2200 PCI,1,153
FireMV 2200 PCIe,36,259
FireMV 2250,46,290
FireMV 2260,117,488
FireMV 2400 PCIe,11,283
FireMV 2450,74,610
FirePro 2260,113,431
FirePro 2270,147,195
FirePro 2450,51,482
FirePro 2460,170,352
FirePro 3D V3700,179,466
FirePro 3D V3750,341,467
FirePro 3D V3800,472,507
FirePro 3D V4800,854,324
FirePro 3D V5700,547,517
FirePro 3D V5800,"1,232",339
FirePro 3D V7750,545,468
FirePro 3D V7800,"1,867",562
FirePro 3D V8700,"1,206",515
FirePro 3D V8750,"1,272",542
FirePro 3D V8800,"2,438",632
FirePro 3D V9800,"2,812",556
FirePro M2000,406,206
FirePro M4000,"1,597",410
FirePro M4000 Mobility Pro,"1,615",475
FirePro M40003,"1,364",652
Firepro M4100,"1,059",623
FirePro M4150,999,207
FirePro M4170,"1,067",290
FirePro M5100,"2,103",800
FirePro M5100 FireGL V,"1,839",867
FirePro M5950,"1,314",574
FirePro M6000,"1,820",776
FirePro M6000 Mobility Pro,"1,709",320
FirePro M6100,"1,945",338
FirePro M6100 FireGL V,"2,656",519
FirePro M7740,665,415
FirePro R5000,"2,647",625
FirePro RG220,335,552
FirePro S10000,"5,315",493
FirePro S7000,"4,166",615
FirePro S7150,"6,276",866
FirePro S9000,"5,059",561
FirePro S9050,"4,901",369
FirePro V3800,332,188
FirePro V3900,662,242
FirePro V4900,974,318
FirePro V5700,465,469
FirePro V5800,"1,186",339
FirePro V5900,"1,271",352
FirePro V7000,"3,162",668
FirePro V7800,"2,034",290
FirePro V7900,"2,310",324
FirePro V8700,"1,539",527
FirePro V8800,"2,223",471
FirePro V9800,"2,727",655
FirePro W2100,889,326
FirePro W4100,"1,541",535
FirePro W4170M,954,223
Firepro W4190M,"1,086",194
FirePro W4300,"2,835",740
FirePro W5000,"3,051",597
FirePro W5100,"2,955",534
FirePro W5130M,"1,341",307
Firepro W5170M,"1,555",399
FirePro W600,"1,752",631
FirePro W6150M,"1,515",314
FirePro W7000,"4,276",551
FirePro W7000 Adapter,"4,340",692
FirePro W7100,"5,216",686
FirePro W7170M,"3,162",418
FirePro W8000,"4,138",570
FirePro W8100,"7,327",759
FirePro W9000,"6,138",720
FirePro W9100,"7,750",884
FireStream 9170,647,493
FireStream 9250,"1,165",465
FireStream 9270,"1,341",473
FireStream 9370,"2,528",763
GeCube RADEON 7000,9,144
GeForce 205,126,309
GeForce 210,97,40
GeForce 240M GT,320,434
GeForce 256,5,201
GeForce 305M,151,149
GeForce 310,122,61
GeForce 310M,112,27
GeForce 315,159,66
GeForce 315M,116,52
GeForce 320M,219,69
GeForce 405,122,63
GeForce 410M,250,129
GeForce 505,187,587
GeForce 510,257,199
GeForce 605,305,179
GeForce 6100,27,44
GeForce 6100 nForce 400,25,242
GeForce 6100 nForce 405,22,211
GeForce 6100 nForce 420,25,234
GeForce 6100 nForce 430,23,249
GeForce 610M,292,104
GeForce 615,552,412
GeForce 6150,22,250
GeForce 6150 LE,33,30
GeForce 6150SE,25,266
GeForce 6150SE nForce 430,30,21
GeForce 6200,35,58
GeForce 6200 A-LE,32,192
GeForce 6200 LE,31,89
GeForce 6200 TurboCache,46,78
GeForce 6200A,4,117
GeForce 6200SE TurboCache,37,146
GeForce 6500,38,300
GeForce 6600,91,79
GeForce 6600 GT,137,67
GeForce 6600 LE,51,234
GeForce 6610 XL,89,288
GeForce 6700 XL,95,243
GeForce 6800,113,258
GeForce 6800 GS,195,121
GeForce 6800 GS/XT,103,196
GeForce 6800 GT,142,212
GeForce 6800 LE,110,166
GeForce 6800 Ultra,139,153
GeForce 6800 XE,59,166
GeForce 6800 XT,128,150
GeForce 7000M,13,239
GeForce 7000M / nForce 610M,13,188
GeForce 7025 / nForce 630a,34,18
GeForce 7050 / nForce 610i,24,148
GeForce 7050 / nForce 620i,39,129
GeForce 7050 / nForce 630i,38,145
GeForce 7050 PV / nForce 630a,31,109
GeForce 705M,456,455
GeForce 7100 / nForce 620i,26,229
GeForce 7100 / nForce 630i,35,67
GeForce 7100 GS,52,133
GeForce 710A,451,258
GeForce 710M,450,116
GeForce 7150 / nForce 630i,33,254
GeForce 7150M / nForce 630M,18,194
GeForce 7200 GS,23,98
GeForce 720A,725,690
GeForce 7300 GS,82,57
GeForce 7300 GT,135,39
GeForce 7300 LE,78,85
GeForce 7300 SE,39,251
GeForce 7300 SE/7200 GS,49,40
GeForce 730A,769,205
GeForce 7350 LE,74,281
GeForce 7500 LE,87,82
GeForce 7600 GS,158,55
GeForce 7600 GT,204,101
GeForce 7650 GS,134,335
GeForce 770M,"3,246",500
GeForce 7800 GS,177,199
GeForce 7800 GT,244,273
GeForce 7800 GTX,291,196
GeForce 7900 GS,254,68
GeForce 7900 GT,258,160
GeForce 7900 GT/GTO,247,469
GeForce 7900 GTX,388,165
GeForce 7950 GT,344,189
GeForce 7950 GX2,202,413
GeForce 7950 Xtreme,288,288
GeForce 800A,428,224
GeForce 800M,468,388
GeForce 8100 / nForce 720a,79,308
GeForce 810A,622,319
GeForce 810M,402,71
GeForce 8200,153,163
GeForce 8200M G,72,72
GeForce 820A,568,162
GeForce 820M,511,112
GeForce 825M,769,293
GeForce 8300,102,168
GeForce 8300 GS,67,314
GeForce 830A,"1,005",736
GeForce 830M,980,135
GeForce 8400,81,160
GeForce 8400 GS,128,32
GeForce 8400 SE,68,290
GeForce 8400M G,59,241
GeForce 8400M GS,98,47
GeForce 8400M GT,64,68
GeForce 840A,"1,180",266
GeForce 840M,"1,067",148
GeForce 845M,"1,430",233
GeForce 8500 GT,115,39
GeForce 8600 GS,92,100
GeForce 8600 GT,116,64
GeForce 8600 GTS,161,36
GeForce 8600M GS,73,57
GeForce 8600M GT,89,42
GeForce 8700M GT,124,97
GeForce 8800 GS,332,154
GeForce 8800 GT,519,86
GeForce 8800 GTS,440,56
GeForce 8800 GTS 512,591,109
GeForce 8800 GTX,597,105
GeForce 8800 Ultra,639,372
GeForce 8800M GTS,382,159
GeForce 8800M GTX,462,175
GeForce 9100,82,345
GeForce 9100M G,74,64
GeForce 910M,578,150
GeForce 9200,171,31
GeForce 9200M GE,157,79
GeForce 9200M GS,111,55
GeForce 920A,872,242
GeForce 920M,723,119
GeForce 920MX,"1,092",150
GeForce 9300,127,385
GeForce 9300 / nForce 730i,129,367
GeForce 9300 GE,84,54
GeForce 9300 GS,111,95
GeForce 9300 SE,82,344
GeForce 9300GE,98,367
GeForce 9300M G,85,242
GeForce 9300M GS,92,33
GeForce 930A,"1,082",391
GeForce 930M,"1,009",154
GeForce 930MX,"1,303",191
GeForce 9400,112,99
GeForce 9400 GT,105,60
GeForce 9400M,75,102
GeForce 9400M G,68,61
GeForce 940A,"1,145",348
GeForce 940M,"1,105",154
GeForce 940MX,"1,504",171
GeForce 9450,105,342
GeForce 945A,"1,852",716
GeForce 945M,"1,945",256
GeForce 9500 GS,157,66
GeForce 9500 GT,135,40
GeForce 9500M,104,320
GeForce 9500M G,122,172
GeForce 9500M GS,104,74
GeForce 9600 GS,279,57
GeForce 9600 GSO,350,118
GeForce 9600 GSO 512,345,111
GeForce 9600 GT,505,60
GeForce 9600M GS,119,70
GeForce 9600M GT,132,40
GeForce 9600M GT / GeForce GT 220M,293,291
GeForce 9650M GS,270,328
GeForce 9650M GT,140,75
GeForce 9700M GT,217,156
GeForce 9700M GTS,326,106
GeForce 9800 GT,482,99
GeForce 9800 GT 1024MB,134,315
GeForce 9800 GTX,769,366
GeForce 9800 GTX+,538,139
GeForce 9800 GTX/9800 GTX+,632,128
GeForce 9800 GX2,798,518
GeForce 9800 S,636,427
GeForce 9800M GS,460,109
GeForce 9800M GT,424,130
GeForce 9800M GTS,379,135
GeForce 9800M GTX,462,117
GeForce 999 GTX,84,138
GeForce FX 5100,8,247
GeForce FX 5200,8,154
GeForce FX 5200 Ultra,12,138
GeForce FX 5200LE,7,170
GeForce FX 5200SE,12,194
GeForce FX 5500,8,152
GeForce FX 5600,13,168
GeForce FX 5600 Ultra,17,122
GeForce FX 5600XT,9,166
GeForce FX 5700,41,173
GeForce FX 5700 Ultra,34,126
GeForce FX 5700LE,25,147
GeForce FX 5700VE,33,161
GeForce FX 5900,35,188
GeForce FX 5900 Ultra,41,170
GeForce FX 5900XT,40,134
GeForce FX 5900ZT,33,129
GeForce FX 5950 Ultra,59,274
GeForce FX Go 5200,8,190
GeForce FX Go 5600,18,186
GeForce FX Go5300,13,159
GeForce FX Go5650,17,211
GeForce FX Go5700,51,171
GeForce G 103M,61,39
GeForce G 105M,65,32
GeForce G100,141,60
GeForce G102M,134,137
GeForce G105M,108,46
GeForce G200,200,156
GeForce G205M,92,294
GeForce G210,104,53
GeForce G210M,122,36
GeForce Go 6100,18,181
GeForce Go 6150,19,92
GeForce Go 6200,15,204
GeForce Go 6400,24,212
GeForce Go 6600,69,209
GeForce Go 6600 TE/6200 TE,45,223
GeForce Go 6800,106,205
GeForce Go 6800 Ultra,138,198
GeForce Go 7200,45,199
GeForce Go 7300,52,114
GeForce Go 7400,66,112
GeForce Go 7600,128,220
GeForce Go 7600 GT,210,125
GeForce Go 7700,148,232
GeForce Go 7800,115,209
GeForce Go 7800 GTX,210,239
GeForce Go 7900 GS,176,254
GeForce Go 7900 GTX,270,264
GeForce Go 7950 GTX,264,283
GeForce GPU,"1,237",164
GeForce GT 1030,"2,545",449
GeForce GT 120,175,91
GeForce GT 120 / 9500 GT,325,327
GeForce GT 120M,266,272
GeForce GT 130,347,143
GeForce GT 130M,146,37
GeForce GT 140,658,225
GeForce GT 220,208,57
GeForce GT 220M,121,92
GeForce GT 230,322,80
GeForce GT 230M,201,48
GeForce GT 240,544,81
GeForce GT 240M,205,61
GeForce GT 320,444,92
GeForce GT 320M,107,41
GeForce GT 325M,171,52
GeForce GT 330,422,119
GeForce GT 330M,209,57
GeForce GT 335M,400,49
GeForce GT 340,774,469
GeForce GT 415,248,363
GeForce GT 415M,286,221
GeForce GT 420,411,187
GeForce GT 420M,418,83
GeForce GT 425M,517,175
GeForce GT 430,597,189
GeForce GT 435M,521,208
GeForce GT 440,766,238
GeForce GT 445M,881,250
GeForce GT 520,295,126
GeForce GT 520M,288,74
GeForce GT 520MX,293,56
GeForce GT 525M,459,95
GeForce GT 530,676,227
GeForce GT 540M,493,86
GeForce GT 545,"1,096",342
GeForce GT 550M,580,126
GeForce GT 555M,683,125
GeForce GT 610,303,127
GeForce GT 610M / GT 620M / GT 710M / GT 720M / GT,369,824
GeForce GT 620,364,161
GeForce GT 620M,431,129
GeForce GT 625,329,194
GeForce GT 625M,435,210
GeForce GT 630,683,207
GeForce GT 630M,549,151
GeForce GT 635,852,242
GeForce GT 635M,563,173
GeForce GT 640,"1,182",286
GeForce GT 640M,907,183
GeForce GT 640M LE,673,166
GeForce GT 645,"2,006",443
GeForce GT 645M,959,171
GeForce GT 650M,"1,203",232
GeForce GT 705,355,180
GeForce GT 710,637,214
GeForce GT 710M,444,123
GeForce GT 720,607,196
GeForce GT 720A,601,221
GeForce GT 720M,467,116
GeForce GT 730,811,238
GeForce GT 730A,743,714
GeForce GT 730M,816,173
GeForce GT 735M,596,129
GeForce GT 740,"1,525",344
GeForce GT 740A,702,393
GeForce GT 740M,778,143
GeForce GT 745A,"1,144",748
GeForce GT 745M,"1,054",172
GeForce GT 750M,"1,320",240
GeForce GT 755M,"1,610",306
GeForce GT 820M,627,153
GeForce GT625M,493,170
GeForce GTS 150M,504,407
GeForce GTS 160M,679,308
GeForce GTS 240,622,212
GeForce GTS 250,619,93
GeForce GTS 250M,569,69
GeForce GTS 350M,408,113
GeForce GTS 360M,655,71
GeForce GTS 450,"1,315",302
GeForce GTX 1050,"5,087",474
GeForce GTX 1050 (Mobile),"4,462",292
GeForce GTX 1050 Ti,"6,315",651
GeForce GTX 1050 Ti (Mobile),"5,919",323
GeForce GTX 1050 Ti with Max-Q Design,"5,359",362
GeForce GTX 1050 with Max-Q Design,"3,806",298
GeForce GTX 1060,"10,076",762
GeForce GTX 1060 (Mobile),"8,161",444
GeForce GTX 1060 3GB,"9,729",779
GeForce GTX 1060 5GB,"8,782",693
GeForce GTX 1060 with Max-Q Design,"7,912",430
GeForce GTX 1070,"13,477",857
GeForce GTX 1070 (Mobile),"10,465",603
GeForce GTX 1070 Ti,"14,489",875
GeForce GTX 1070 with Max-Q Design,"10,024",469
GeForce GTX 1080,"15,247",888
GeForce GTX 1080 Ti,"18,266",934
GeForce GTX 1080 with Max-Q Design,"11,462",729
GeForce GTX 1650,"7,802",593
GeForce GTX 1650 (Mobile),"6,969",384
GeForce GTX 1650 SUPER,"10,037",761
GeForce GTX 1650 Ti,"7,480",399
GeForce GTX 1650 Ti with Max-Q Design,"6,352",339
GeForce GTX 1650 with Max-Q Design,"5,882",318
GeForce GTX 1660,"11,686",796
GeForce GTX 1660 SUPER,"12,731",823
GeForce GTX 1660 Ti,"11,797",703
GeForce GTX 1660 Ti (Mobile),"10,176",507
GeForce GTX 1660 Ti with Max-Q Design,"8,638",379
GeForce GTX 260,"1,222",88
GeForce GTX 260M,412,59
GeForce GTX 275,"1,401",106
GeForce GTX 280,"1,181",121
GeForce GTX 280M,621,440
GeForce GTX 285,"1,550",117
GeForce GTX 285M,676,246
GeForce GTX 295,"1,148",195
GeForce GTX 460,"2,284",380
GeForce GTX 460 SE,"1,969",358
GeForce GTX 460 v2,"2,005",459
GeForce GTX 460M,"1,193",247
GeForce GTX 465,"2,681",454
GeForce GTX 470,"3,151",388
GeForce GTX 470M,"1,953",413
GeForce GTX 480,"4,110",447
GeForce GTX 480M,"2,051",536
GeForce GTX 485M,"2,360",479
GeForce GTX 550 Ti,"1,559",363
GeForce GTX 555,"1,807",485
GeForce GTX 560,"2,707",416
GeForce GTX 560 SE,"2,087",413
GeForce GTX 560 Ti,"3,053",417
GeForce GTX 560M,"1,266",243
GeForce GTX 570,"3,908",464
GeForce GTX 570M,"1,923",356
GeForce GTX 580,"4,515",450
GeForce GTX 580M,"2,373",455
GeForce GTX 590,"3,308",527
GeForce GTX 645,"1,858",432
GeForce GTX 650,"1,767",347
GeForce GTX 650 Ti,"2,528",400
GeForce GTX 650 Ti BOOST,"3,360",458
GeForce GTX 660,"4,003",476
GeForce GTX 660 Ti,"4,375",453
GeForce GTX 660M,"1,428",274
GeForce GTX 670,"5,309",523
GeForce GTX 670M,"1,775",321
GeForce GTX 670MX,"1,922",338
GeForce GTX 675M,"1,920",321
GeForce GTX 675MX,"2,338",377
GeForce GTX 680,"5,535",528
GeForce GTX 680M,"3,061",345
GeForce GTX 680M KY_Bullet Edition,"3,569",581
GeForce GTX 680MX,"4,271",730
GeForce GTX 690,"5,654",458
GeForce GTX 745,"2,174",468
GeForce GTX 750,"3,398",480
GeForce GTX 750 Ti,"3,920",497
GeForce GTX 760,"4,777",523
GeForce GTX 760 Ti,"5,206",555
GeForce GTX 760 Ti OEM,"5,427",694
GeForce GTX 760A,"1,060",476
GeForce GTX 760M,"1,685",239
GeForce GTX 765M,"1,971",281
GeForce GTX 770,"5,890",550
GeForce GTX 770M,"2,781",324
GeForce GTX 775M,"4,208",696
GeForce GTX 780,"8,026",602
GeForce GTX 780 Ti,"9,304",626
GeForce GTX 780M,"3,755",386
GeForce GTX 850A,"1,050",551
GeForce GTX 850M,"2,581",224
GeForce GTX 850M - MODDED,"1,092",819
GeForce GTX 860M,"3,042",226
GeForce GTX 870M,"3,383",294
GeForce GTX 880M,"3,876",347
GeForce GTX 950,"5,389",640
GeForce GTX 950A,"2,540",308
GeForce GTX 950M,"2,604",219
GeForce GTX 960,"6,044",669
GeForce GTX 960A,"2,411",631
GeForce GTX 960M,"3,427",245
GeForce GTX 965M,"3,870",342
GeForce GTX 970,"9,691",780
GeForce GTX 970M,"5,783",402
GeForce GTX 970XM FORCE,"6,707",725
GeForce GTX 980,"11,239",815
GeForce GTX 980 Ti,"13,862",853
GeForce GTX 980M,"7,314",515
GeForce GTX Titan,"8,556",660
GeForce GTX TITAN Black,"9,096",603
GeForce GTX TITAN X,"13,084",833
GeForce GTX TITAN Z,"9,189",648
GeForce MX110,"1,469",195
GeForce MX130,"1,899",195
GeForce MX150,"2,314",218
GeForce MX230,"1,887",219
GeForce MX250,"2,521",250
GeForce MX330,"2,545",233
GeForce MX350,"2,862",243
GeForce MX450,"3,754",297
GeForce MX550,"5,062",335
GeForce PCX 5300,6,197
GeForce PCX 5750,35,310
GeForce PCX 5900,34,258
GeForce RTX 2050,"8,007",380
GeForce RTX 2060,"13,941",751
GeForce RTX 2060 (Mobile),"11,355",540
GeForce RTX 2060 SUPER,"16,504",881
GeForce RTX 2060 with Max-Q Design,"9,730",434
GeForce RTX 2070,"16,085",833
GeForce RTX 2070 (Mobile),"12,354",601
GeForce RTX 2070 SUPER,"18,169",896
GeForce RTX 2070 Super with Max-Q Design,"14,267",687
GeForce RTX 2070 with Max-Q Design,"12,112",509
GeForce RTX 2080,"18,717",916
GeForce RTX 2080 (Mobile),"15,107",812
GeForce RTX 2080 SUPER,"19,514",934
GeForce RTX 2080 Super with Max-Q Design,"14,012",621
GeForce RTX 2080 Ti,"21,782",940
GeForce RTX 2080 with Max-Q Design,"13,662",574
GeForce RTX 3050,"12,686",903
GeForce RTX 3050 Laptop GPU,"8,999",411
GeForce RTX 3050 Ti Laptop GPU,"9,457",416
GeForce RTX 3060,"16,921",946
GeForce RTX 3060 Laptop GPU,"12,625",550
GeForce RTX 3060 Ti,"20,199",959
GeForce RTX 3070,"22,081",969
GeForce RTX 3070 Laptop GPU,"15,223",652
GeForce RTX 3070 Ti,"23,261",994
GeForce RTX 3070 Ti Laptop GPU,"18,734",692
GeForce RTX 3080,"24,797","1,002"
GeForce RTX 3080 Laptop GPU,"16,553",663
GeForce RTX 3080 Ti,"26,764","1,024"
GeForce RTX 3080 Ti Laptop GPU,"19,093",744
GeForce RTX 3090,"26,353",997
GeForce RTX 3090 Ti,"30,812","1,141"
GeForce2 Go,4,95
GeForce2 GTS/GeForce2 Pro,4,136
GeForce2 Integrated GPU,4,171
GeForce2 MX,3,143
GeForce2 MX 100/200,3,119
GeForce2 MX with DVI-D and TV-out,5,187
GeForce2 MX/MX 400,4,129
GeForce2 Ti,5,149
GeForce2 Ultra,6,147
GeForce3,5,120
GeForce3 Ti 200,4,140
GeForce3 Ti 500,3,116
GeForce4 420 Go,3,147
GeForce4 420 Go 32M,5,168
GeForce4 4200 Go,4,173
GeForce4 440,5,193
GeForce4 440 Go,4,140
GeForce4 440 Go 64M,6,156
GeForce4 448 Go,6,199
GeForce4 MX 4000,5,131
GeForce4 MX 420,5,168
GeForce4 MX 440,5,140
GeForce4 MX 440 with AGP8X,5,157
GeForce4 MX 440SE,5,159
GeForce4 MX 460,4,176
GeForce4 MX Integrated GPU,7,198
GeForce4 Ti 4200,6,154
GeForce4 Ti 4400,7,170
GeForce4 Ti 4600,6,173
GeForce4 Ti 4800,6,190
GeForce4 Ti 4800 SE,7,187
GeForce9400M,106,161
GF117,554,446
GIGABYTE RADEON 9600 PRO,39,129
Gigabyte RADEON X300,41,209
GRID GTX P40-6,"4,340",277
GRID K1,811,463
GRID K120Q,293,278
GRID K140Q,728,457
GRID K160Q,628,262
GRID K180Q,534,113
GRID K2,"2,737",319
GRID K220Q,912,539
GRID K240Q,"2,541",212
GRID K260Q,"2,949",361
GRID K280Q,"2,840",371
GRID K520,"3,399",174
GRID M10-0Q,914,613
GRID M10-1B,"2,310",417
GRID M10-1Q,"3,351",556
GRID M10-2B,"2,333",201
GRID M10-2Q,"2,654",75
GRID M10-4Q,"3,224",486
GRID M10-8Q,"2,606",557
GRID M6-0B,912,764
GRID M6-1Q,"2,069",423
GRID M6-8Q,"3,568",556
GRID M60-0B,"1,838",596
GRID M60-0Q,827,516
GRID M60-1B,"4,457",483
GRID M60-1Q,"4,251",211
GRID M60-2Q,"4,316",339
GRID M60-4Q,"3,831",278
GRID M60-8A,"5,523",380
GRID M60-8Q,"3,884",618
GRID P100-16Q,"5,945",757
GRID P100-1B,"2,223",544
GRID P100-8Q,"3,841",481
GRID P40-24Q,"4,728",653
GRID P40-2B,"3,354",633
GRID P40-2Q,"4,288",633
GRID P40-3Q,681,603
GRID P40-4Q,778,621
GRID P6-2Q,"3,926",337
GRID P6-4A,"2,639",42
GRID P6-4Q,"4,429",586
GRID RTX6000P-4Q,"4,283",76
GRID RTX6000P-6Q,"4,777",192
GRID RTX8000-2Q,"3,574",86
GRID RTX8000-4Q,"3,961",81
GRID RTX8000P-2Q,"3,843",84
GRID T4-1Q,"2,703",84
GRID T4-2B,"2,601",62
GRID T4-2Q,"3,031",79
GRID T4-4Q,"3,406",85
GRID T4-8Q,"4,284",89
GRID V100-8Q,16,149
GRID V100D-8Q,"4,156",518
GT 430,223,325
HD6450,221,417
HIS DIGITAL HD 4650 AGP,452,190
IGP 340M,1,39
IncrediblE HD,389,427
IncrediblE HD 3000,291,18
IncrediblE HD 4000,517,520
IncrediblE HD 4600,750,735
Intel - Express Chipset G41,57,325
Intel - Express Chipset Q45/Q43,58,336
Intel 2nd Generation SandyBridge HD,212,342
Intel 2nd Generation SandyBridge HD 3000,205,555
Intel 4th Generation Haswell HD,420,734
Intel 82845G Controller,2,132
Intel 82845G/GL Controller,3,176
Intel 82845G/GL/GE/PE/GV Controller,3,159
Intel 82852/82855 GM/GME Controller,1,107
Intel 82865G Controller,5,194
Intel 82915G Express,6,206
Intel 82915G/915GV/910GL,4,95
Intel 82915G/GV/910GL Advanced v3.5,3,94
Intel 82915G/GV/910GL Express,3,142
Intel 82945G Express,15,13
Intel 82945G Express-Chipsatzfamilie,8,240
Intel 865 Embedded Controller,4,20
"Intel 915G,910G Express",4,166
Intel 915G/915GV/910GL Embedded Controller Functio,5,41
Intel 945G Embedded Chipset Function 0,5,251
Intel 946GZ Embedded Chipset Function 0,3,66
Intel 946GZ Express,3,44
Intel B43 Express Chipset,68,188
Intel Coffee Lake UHD,"1,158",918
Intel Extreme Controller,2,136
Intel G33/G31 Express,87,25
Intel G35 Express,"3,090",384
Intel G41 Express Chipset,81,24
Intel G41 Express-Chipsatz,57,267
Intel G45/G43 Express Chipset,75,30
Intel G45/G43/G41 Express Chipset,68,318
Intel G965 Express,25,39
Intel GMA 3150 Express,3,66
Intel Haswell HD - GT1,123,492
Intel Haswell HD - GT2,139,630
Intel HD 2000,213,456
Intel HD 3000,257,48
Intel HD 4000,333,187
Intel HD 4400,521,283
Intel HD 4600,626,315
Intel HD 500,295,81
Intel HD 5000,563,231
Intel HD 505,339,95
Intel HD 510,619,159
Intel HD 515,620,190
Intel HD 520,866,211
Intel HD 5200,830,653
Intel HD 530,984,247
Intel HD 5300,390,186
Intel HD 5500,582,234
Intel HD 5600,712,595
Intel HD 6000,850,275
Intel HD 610,673,156
Intel HD 615,724,187
Intel HD 630,"1,122",269
Intel HD Family,451,188
Intel HD Graphics 620,922,218
Intel HD manual-15.28-1861,63,72
Intel HD manual-gen9_2015-133271,165,119
Intel HD Modded,112,303
Intel HD P3000,297,104
Intel HD P4000,516,636
Intel HD P4600,605,963
Intel HD P4600/P4700,624,368
Intel HD P530,"1,220",270
Intel HD P630,"1,237",351
Intel i gfx-driver-ci-master-9938,206,47
Intel i gfx-driver-ci-master-9938 DCH-I,573,194
Intel Infoshock HD,194,393
Intel Iris 5100,755,276
Intel Iris 540,"1,258",328
Intel Iris 550,"1,344",308
Intel Iris 6100,907,314
Intel Iris 650,"1,795",764
Intel Iris Plus,"1,849",316
Intel Iris Plus 640,"1,330",343
Intel Iris Plus 645,"1,742",405
Intel Iris Plus 650,"1,587",382
Intel Iris Plus 655,"1,771",368
Intel Iris Pro 5200,"1,020",407
Intel Iris Pro 580,"1,993",371
Intel Iris Pro 6100,925,548
Intel Iris Pro Graphics 6200,"1,429",563
Intel Iris Pro P580,"2,169",573
Intel Iris Pro P6300,"1,654",552
Intel Iris Xe,"2,788",339
Intel Iris Xe MAX,"1,973",315
Intel Media Accelerator,33,78
Intel Media Accelerator 3150,3,86
Intel Media Accelerator 500,3,71
Intel Media Accelerator 600,7,58
Intel Media Accelerator HD,99,40
Intel Poison Ivy,739,783
Intel Q33 Express,5,25
Intel Q35 Embedded,8,303
Intel Q35 Express,146,29
Intel Q45/Q43 Express Chipset,142,29
Intel Q45/Q43 Express-Chipsatz,57,352
Intel Q965/Q963 Express,313,60
Intel Skylake HD DT GT2,577,402
Intel UHD,"1,590",268
Intel UHD 600,328,98
Intel UHD 605,371,112
Intel UHD 610,729,180
Intel UHD 615,761,198
Intel UHD 617,848,270
Intel UHD 620,889,662
Intel UHD 630,"1,297",305
Intel UHD 710,"1,171",324
Intel UHD 730,"1,512",326
Intel UHD 750,"1,777",335
Intel UHD 770,"2,482",437
Intel UHD Graphics 620,"1,037",247
Intel UHD P630,"2,541",326
Intel UHD P750,"1,767",507
Intel UHD ReleaseInternal,"1,959",293
Intel US15 Embedded Media and Controller,7,67
ION,86,20
ION LE,98,96
KV SPECTRE LITE MOBILE 25W,538,291
LMIMIRR,875,515
M71-M,64,141
M76M,124,279
M860G with Mobility Radeon 4100,76,203
M880G with Mobility Radeon HD 4200,93,260
M880G with Mobility Radeon HD 4225,72,183
M880G with Mobility Radeon HD 4250,104,270
Master X3100 Driver,10,79
Matrox C420 LP PCIe x16,635,523
Matrox C680 PCIe x16,"1,904",700
Matrox C900 PCIe x16,"1,812",761
Matrox G200e WDDM 1.2,59,505
Matrox G200e WDDM 2.0,123,801
Matrox G200eh,41,449
Matrox G200eh WDDM 1.2,52,448
Matrox G200eh WDDM 2.0,45,123
Matrox G200eR,37,400
Matrox G200eR WDDM 1.2,45,210
Matrox G200eR WDDM 2.0,68,457
Matrox G200eW,40,107
Matrox G200eW WDDM 1.2,50,397
Matrox G200eW3 WDDM 2.0,94,316
Matrox M9120 PCIe x16,20,870
Matrox M9120 Plus LP PCIe x16,26,27
Matrox M9125 PCIe x16,26,138
Matrox M9128 LP PCIe x16,29,47
Matrox M9138 LP PCIe x16,42,160
Matrox M9140 LP PCIe x16,23,390
Matrox M9148 LP PCIe x16,32,135
Matrox Millennium P650 PCIe 128,5,287
Matrox Millennium P690 PCIe x16,367,295
Matrox Millennium P690 Plus LP PCIe x16,7,251
Matrox Parhelia 128MB,3,107
Matrox Parhelia 256MB,9,140
Matrox Parhelia APVe,6,275
MCT USB3.0 External Device,520,129
MEDION RADEON 9800 XXL,72,187
MEDION RADEON X740XL,95,228
Miracast display port driver V3,"15,910",604
MIRRORV3,"1,081",421
Mobile Intel - famiglia Express Chipset 45,39,264
Mobile Intel 4 Express-Chipsatzfamilie,45,251
Mobile Intel 45 Express,42,33
Mobile Intel 45 Express-Chipsatzfamilie,117,270
Mobile Intel 915GM/GMS/910GML Express,2,43
Mobile Intel 945 Express,2,9
Mobile Intel 945GM Express,6,223
Mobile Intel 945GM/GU Express,5,223
Mobile Intel 965 Express,58,17
Mobile Intel 965 Express - BR-0907-0461 v1839,8,124
Mobile Intel 965 Express-Chipsatzfamilie,24,203
Mobile Intel HD,285,164
Mobile Intel serie 4 Express,45,232
Mobile Intel965 Express,18,264
MOBILITY FIREGL 7800,5,86
MOBILITY FIREGL T2,41,171
MOBILITY FIREGL T2/T2e,34,171
MOBILITY FireGL V3200,62,238
MOBILITY FireGL V5000,82,223
MOBILITY FireGL V5200,45,248
MOBILITY FireGL V5250,27,252
Mobility FireGL V5725,219,405
MOBILITY IGP 9000/9100,10,125
Mobility Radeon 4100,81,265
MOBILITY RADEON 7000 IGP,6,151
MOBILITY RADEON 7500,4,103
MOBILITY RADEON 9000,3,111
MOBILITY RADEON 9000 IGP,8,143
MOBILITY RADEON 9000/9100 IGP,6,118
MOBILITY RADEON 9100 IGP,3,128
MOBILITY RADEON 9200,3,145
MOBILITY RADEON 9550,30,166
MOBILITY RADEON 9600,36,172
MOBILITY RADEON 9600 PRO TURBO,25,137
MOBILITY RADEON 9600/9700,39,165
MOBILITY RADEON 9700,27,158
MOBILITY RADEON 9800,46,110
Mobility Radeon HD 2300,51,211
Mobility Radeon HD 2400,90,212
Mobility Radeon HD 2400 XT,102,246
Mobility Radeon HD 2600,168,267
Mobility Radeon HD 2600 XT,192,329
Mobility Radeon HD 3400 Serisi,111,239
Mobility Radeon HD 3410,63,130
Mobility Radeon HD 3430,98,260
Mobility Radeon HD 3450,91,247
Mobility Radeon HD 3470,93,250
Mobility Radeon HD 3470 Hybrid X2,94,206
Mobility Radeon HD 3650,130,48
Mobility Radeon HD 3670,232,331
Mobility Radeon HD 3850,366,248
Mobility Radeon HD 3870,548,288
Mobility Radeon HD 3870 X2,478,187
Mobility Radeon HD 4200,91,260
Mobility Radeon HD 4225,66,174
Mobility Radeon HD 4250,98,280
Mobility Radeon HD 4270,93,282
Mobility Radeon HD 4300 Serisi,73,216
Mobility Radeon HD 4330,135,377
Mobility Radeon HD 4350,148,369
Mobility Radeon HD 4550,191,290
Mobility Radeon HD 4570,133,28
Mobility Radeon HD 4650,401,320
Mobility Radeon HD 4670,463,375
Mobility Radeon HD 4830,512,285
Mobility Radeon HD 4850,866,472
Mobility Radeon HD 4870,720,416
Mobility Radeon HD 5000,773,429
Mobility Radeon HD 5000 Serisi,479,305
Mobility Radeon HD 5165,284,362
Mobility Radeon HD 530v,175,353
Mobility Radeon HD 540v,188,382
Mobility Radeon HD 5430,181,330
Mobility Radeon HD 5450,214,320
Mobility Radeon HD 545v,200,270
Mobility Radeon HD 5470,236,362
Mobility Radeon HD 550v,266,398
Mobility Radeon HD 5570,544,246
Mobility Radeon HD 560v,318,366
Mobility Radeon HD 5650,451,143
Mobility Radeon HD 565v,353,318
Mobility Radeon HD 5730,487,144
Mobility Radeon HD 5850,763,403
Mobility Radeon HD 5870,"1,062",207
Mobility Radeon HD serie 4200,97,227
Mobility Radeon X1300,40,222
Mobility Radeon X1350,40,274
Mobility Radeon X1400,43,226
Mobility Radeon X1450,33,205
Mobility Radeon X1600,92,236
Mobility Radeon X1700,105,228
MOBILITY RADEON X1800,130,247
Mobility Radeon X1900,135,287
Mobility Radeon X2300,48,263
Mobility Radeon X2300 HD,49,244
Mobility Radeon X2500,82,235
MOBILITY RADEON X300,34,204
MOBILITY RADEON X600,50,209
MOBILITY RADEON X600 SE,49,233
MOBILITY RADEON X700,67,200
MOBILITY RADEON X700 XL,60,189
MOBILITY RADEON XPRESS 200,27,176
Mobility Radeon. HD 5470,215,398
MOBILITY/RADEON 9000,4,153
MONSTER GeForce GTX 675M,"2,637",686
MxGPU,"1,826",479
N16P-GX,"1,205",803
N18E-Q1,"2,525",547
nForce 750a SLI,83,351
nForce 760i SLI,140,379
nForce 780a SLI,92,425
nForce 980a/780a SLI,82,367
NV44,15,251
NVIDIA TITAN X,"13,660",912
NVIDIA TITAN Xp,"18,280",812
NVS 2100M,139,221
NVS 300,114,60
NVS 310,242,179
NVS 3100M,115,42
NVS 315,286,187
NVS 4200M,257,75
NVS 510,729,276
NVS 5100M,194,90
NVS 5200M,535,193
NVS 5400M,635,184
NVS 810,"1,141",313
OPAL XT/GL,"1,053",640
OpenXT Display Driver,31,485
P104-100,"4,450",114
P106-090,"2,402",104
P106-100,"5,967",339
PHDGD Ivy 4,374,434
PHDGD Ivy 5,445,497
PHDGD Quantic C3,117,351
PHDGD Sapphire GR for Mobile Intel 965,26,243
PHDGD Solo 1.2.0 x86,11,169
PHDGD Solo 2 x64,20,183
Professional HD Driver,654,555
Q12U-1,"5,164",600
Quadro 1000M,599,201
Quadro 1100M,755,734
Quadro 2000,942,294
Quadro 2000 D,"1,239",594
Quadro 2000D,989,324
Quadro 2000M,773,249
Quadro 2100M,"1,100",765
Quadro 280 NVS PCIe,6,185
Quadro 3000M,"1,032",321
Quadro 400,146,67
Quadro 4000,"1,489",367
Quadro 4000M,"1,307",256
Quadro 410,436,218
Quadro 5000,"1,984",377
Quadro 5000M,"2,060",426
Quadro 500M,664,588
Quadro 5010M,"1,891",366
Quadro 600,546,225
Quadro 6000,"2,689",458
Quadro 7000,"3,505",397
Quadro CX,947,454
Quadro FX 1000,34,266
Quadro FX 1100,36,178
Quadro FX 1300,34,276
Quadro FX 1400,124,152
Quadro FX 1500,190,105
Quadro FX 1500M,171,275
Quadro FX 1600M,186,211
Quadro FX 1700,118,44
Quadro FX 1700M,173,135
Quadro FX 1800,405,90
Quadro FX 1800M,469,73
Quadro FX 2000,18,146
Quadro FX 2500M,218,272
Quadro FX 2700,543,465
Quadro FX 2700M,358,74
Quadro FX 2800M,430,83
Quadro FX 3000,69,178
Quadro FX 3400/4400,104,239
Quadro FX 3450,149,235
Quadro FX 3450/4000 SDI,175,190
Quadro FX 350,86,378
Quadro FX 3500,292,106
Quadro FX 3500M,306,309
Quadro FX 350M,45,132
Quadro FX 3600M,467,365
Quadro FX 360M,87,308
Quadro FX 370,84,385
Quadro FX 370 Low Profile,103,492
Quadro FX 370 LP,108,481
Quadro FX 3700,384,158
Quadro FX 3700M,467,117
Quadro FX 370M,93,334
Quadro FX 380,186,151
Quadro FX 380 LP,136,128
Quadro FX 3800,780,100
Quadro FX 3800M,628,68
Quadro FX 380M,124,124
Quadro FX 4000,101,78
Quadro FX 4500,226,143
Quadro FX 4500 X2,236,653
Quadro FX 4600,437,202
Quadro FX 4700 X2,676,509
Quadro FX 4800,975,109
Quadro FX 500/600 PCI,14,203
Quadro FX 500/FX 600,8,151
Quadro FX 540,81,294
Quadro FX 550,64,325
Quadro FX 5500,242,394
Quadro FX 560,114,360
Quadro FX 5600,562,168
Quadro FX 570,156,140
Quadro FX 570M,111,49
Quadro FX 580,155,59
Quadro FX 5800,"1,248",134
Quadro FX 770M,198,92
Quadro FX 880M,219,80
Quadro FX Go1400,102,223
Quadro GP100,"16,203",858
Quadro GV100,"12,721",802
Quadro K1000M,774,244
Quadro K1100M,"1,082",250
Quadro K1200,"2,871",576
Quadro K2000,"1,564",370
Quadro K2000D,"1,632",423
Quadro K2000M,"1,028",256
Quadro K2100M,"1,350",278
Quadro K2200,"3,540",534
Quadro K2200M,"3,877",432
Quadro K3000M,"1,617",357
Quadro K3100M,"2,279",330
Quadro K4000,"2,700",421
Quadro K4000M,"1,949",351
Quadro K4100M,"2,756",352
Quadro K420,774,280
Quadro K4200,"4,337",503
Quadro K5000,"3,910",434
Quadro K5000M,"2,754",363
Quadro K500M,480,184
Quadro K5100M,"3,266",418
Quadro K510M,610,550
Quadro K5200,"5,780",501
Quadro K600,768,262
Quadro K6000,"8,134",558
Quadro K610M,708,239
Quadro K620,"2,247",472
Quadro K620M,"1,157",157
Quadro M1000M,"2,996",335
Quadro M1200,"3,347",313
Quadro M2000,"3,961",567
Quadro M2000M,"3,549",344
Quadro M2200,"4,347",387
Quadro M3000M,"5,680",437
Quadro M4000,"6,637",687
Quadro M4000M,"6,530",471
Quadro M5000,"9,245",680
Quadro M5000M,"6,930",487
Quadro M500M,"1,121",189
Quadro M520,"1,981",234
Quadro M5500,"7,915",698
Quadro M6000,"11,397",788
Quadro M6000 24GB,"12,205",782
Quadro M600M,"2,008",446
Quadro M620,"2,840",427
Quadro NVS 110M,48,236
Quadro NVS 120M,47,274
Quadro NVS 130M,97,190
Quadro NVS 135M,67,74
Quadro NVS 140M,49,99
Quadro NVS 150M,93,327
Quadro NVS 160M,76,46
Quadro NVS 210S,24,265
Quadro NVS 210S / GeForce 6150LE,21,272
Quadro NVS 280 PCI,8,261
Quadro NVS 280 SD,2,119
Quadro NVS 285,39,185
Quadro NVS 285 128MB,38,313
Quadro NVS 290,205,59
Quadro NVS 295,75,73
Quadro NVS 320M,128,109
Quadro NVS 420,70,186
Quadro NVS 440,38,358
Quadro NVS 450,64,154
Quadro NVS 510M,254,317
Quadro NVS 55/280 PCI,6,116
Quadro P1000,"4,473",660
Quadro P2000,"7,097",693
Quadro P2000 with Max-Q Design,"4,597",533
Quadro P2200,"9,485",971
Quadro P3000,"6,521",458
Quadro P3200,"8,663",510
Quadro P3200 with Max-Q Design,"9,242",557
Quadro P400,"1,616",427
Quadro P4000,"11,429",824
Quadro P4000 with Max-Q Design,"9,083",700
Quadro P4200,"9,827",607
Quadro P4200 with Max-Q Design,"11,869",583
Quadro P500,"1,519",260
Quadro P5000,"11,957",702
Quadro P520,"2,128",253
Quadro P5200,"12,144",667
Quadro P5200 with Max-Q Design,"12,323",581
Quadro P600,"3,330",481
Quadro P6000,"15,811",773
Quadro P620,"3,638",577
Quadro RTX 3000,"11,142",530
Quadro RTX 3000 with Max-Q Design,"8,754",350
Quadro RTX 4000,"15,514",904
Quadro RTX 4000 (Mobile),"13,034",591
Quadro RTX 4000 with Max-Q Design,"13,445",582
Quadro RTX 5000,"16,257",762
Quadro RTX 5000 (Mobile),"14,832",705
Quadro RTX 5000 with Max-Q Design,"14,030",614
Quadro RTX 6000,"19,692",837
Quadro RTX 8000,"19,126",801
Quadro T1000,"6,531",447
Quadro T1000 with Max-Q Design,"6,572",415
Quadro T2000,"7,141",476
Quadro T2000 with Max-Q Design,"6,908",458
Quadro2 MXR/EX,5,142
Quadro2 Pro,1,143
Quadro4 380 XGL,7,225
Quadro4 900 XGL,5,194
Quadro4 980 XGL,5,181
Qualcomm Adreno 540 GPU,120,52
Qualcomm Adreno 618 GPU,120,61
Qualcomm Adreno 630 GPU,261,75
Qualcomm Adreno 680 GPU,405,81
Qualcomm Adreno 690 GPU,952,81
Qualcomm Adreno 8cx Gen 3,"1,670",169
QXL KMDOD,19,203
Radeon 2100,60,286
Radeon 3000,98,414
Radeon 3100,74,228
Radeon 520,829,214
Radeon 530,944,181
Radeon 535,"1,048",203
Radeon 535DX,813,199
Radeon 540,"1,273",272
Radeon 540X,"1,398",264
Radeon 550,"1,959",501
Radeon 550X,"1,430",273
Radeon 620,840,202
Radeon 625,"1,165",215
Radeon 630,"1,245",223
Radeon 6600M,513,143
Radeon 6750M,911,570
Radeon 7000 / Radeon VE,3,99
RADEON 7000 / RADEON VE Family,4,107
RADEON 7200,3,94
RADEON 7500,3,35
RADEON 7500 Family,5,125
RADEON 8500 Family,7,146
RADEON 9000,5,126
RADEON 9000 Family,4,123
RADEON 9100 Family,6,163
RADEON 9100 IGP,5,128
RADEON 9200,4,135
RADEON 9200 LE Family,3,128
RADEON 9200 PRO Family,3,135
RADEON 9200 SE,3,129
RADEON 9250,3,127
RADEON 9500,36,173
RADEON 9500 PRO / 9700,42,157
RADEON 9550,35,145
Radeon 9550 / X1050,29,150
RADEON 9600 Family,25,150
RADEON 9600 PRO,43,163
RADEON 9600 PRO Family,27,148
RADEON 9600 TX Family,18,138
RADEON 9600 XT,35,147
RADEON 9600SE,27,143
RADEON 9700 PRO,54,149
RADEON 9800,58,191
RADEON 9800 PRO,59,153
RADEON 9800 SE,24,131
RADEON 9800 XT,57,160
RADEON A9800XT,23,145
RADEON E2400,52,287
RADEON E4690,405,347
Radeon E6460,324,225
Radeon E6465,231,354
Radeon E6760,973,573
Radeon E8860,"1,626",528
Radeon E8870PCIe,"3,368",708
Radeon HD 2350,77,262
Radeon HD 2400,121,298
Radeon HD 2400 PCI,14,86
Radeon HD 2400 Pro,114,346
Radeon HD 2400 XT,119,357
Radeon HD 2600 PRO,211,337
Radeon HD 2600 Pro AGP,110,137
Radeon HD 2600 XT,283,371
Radeon HD 2900 GT,292,344
Radeon HD 2900 PRO,628,397
Radeon HD 2900 XT,660,397
Radeon HD 3000,96,264
Radeon HD 3200,82,227
Radeon HD 3300,127,373
Radeon HD 3450,119,30
Radeon HD 3470,90,95
Radeon HD 3650 AGP,150,155
Radeon HD 3670,151,62
Radeon HD 3850,410,43
Radeon HD 3850 AGP,432,92
Radeon HD 3850 X2,822,422
Radeon HD 3870,576,82
Radeon HD 3870 X2,709,224
Radeon HD 4200,112,372
Radeon HD 4250,123,408
Radeon HD 4270,110,303
Radeon HD 4290,141,442
Radeon HD 4300/4500 Serisi,156,347
Radeon HD 4330,109,42
Radeon HD 4350,102,34
Radeon HD 4550,236,429
Radeon HD 4650,219,39
Radeon HD 4650 AGP,208,156
Radeon HD 4670,384,50
Radeon HD 4770,906,172
Radeon HD 4810,769,425
Radeon HD 4830,860,81
Radeon HD 4850,952,111
Radeon HD 4850 X2,"1,132",542
Radeon HD 4870,"1,379",80
Radeon HD 4870 X2,"1,309",565
Radeon HD 4890,"1,533",103
Radeon HD 5450,138,149
Radeon HD 5470,268,298
Radeon HD 5550,383,187
Radeon HD 5570,474,176
Radeon HD 5600/5700,661,273
Radeon HD 5670,787,279
Radeon HD 5750,"1,156",336
Radeon HD 5770,"1,352",328
Radeon HD 5830,"1,739",382
Radeon HD 5850,"1,967",408
Radeon HD 5870,"2,266",410
Radeon HD 5970,"2,249",393
Radeon HD 6230,179,254
Radeon HD 6250,94,32
Radeon HD 6290,109,34
Radeon HD 6290M,140,92
Radeon HD 6300M,142,116
Radeon HD 6310,124,39
Radeon HD 6320,148,45
Radeon HD 6320 Graphic,216,159
Radeon HD 6320M,198,151
RADEON HD 6350,141,171
Radeon HD 6370D,254,147
Radeon HD 6370M,276,401
Radeon HD 6380G,204,97
Radeon HD 6410D,243,123
Radeon HD 6430M,193,106
Radeon HD 6450,200,120
Radeon HD 6450 + 8470D Dual,763,486
Radeon HD 6450A,260,208
Radeon HD 6470M,228,104
Radeon HD 6480G,259,78
Radeon HD 6480M,353,282
Radeon HD 6490M,378,514
Radeon HD 6520G,301,84
Radeon HD 6530D,325,138
Radeon HD 6550A,708,609
Radeon HD 6550D,417,149
Radeon HD 6570,495,193
Radeon HD 6610M,565,527
Radeon HD 6620G,358,106
Radeon HD 6630M,685,390
Radeon HD 6650A,836,418
Radeon HD 6650M,752,230
Radeon HD 6670,745,236
Radeon HD 6670 + 6670 Dual,647,552
Radeon HD 6670 + 7660D Dual,"1,492",483
Radeon HD 6670/7670,946,320
Radeon HD 6700M,"1,017",523
Radeon HD 6750,998,300
Radeon HD 6750M,937,487
Radeon HD 6770,"1,231",314
Radeon HD 6770M,964,572
Radeon HD 6790,"1,613",370
Radeon HD 6800M,728,230
Radeon HD 6850,"1,979",424
Radeon HD 6850 X2,"2,534",373
Radeon HD 6870,"2,224",397
Radeon HD 6900M,"1,710",345
Radeon HD 6950,"2,641",427
Radeon HD 6970,"2,863",430
Radeon HD 6970M,"2,270",656
Radeon HD 6990,"3,013",630
Radeon HD 7290,115,51
Radeon HD 7290M,123,90
Radeon HD 7310,130,45
Radeon HD 7310 - Carte graphique,174,120
Radeon HD 7310G,181,119
Radeon HD 7310M,166,127
Radeon HD 7340,156,56
Radeon HD 7340G,196,146
Radeon HD 7340M,221,160
Radeon HD 7350,193,248
Radeon HD 7400G,267,109
Radeon HD 7420G,311,121
Radeon HD 7450,221,147
Radeon HD 7450A,288,385
Radeon HD 7450M,330,441
Radeon HD 7470,316,177
Radeon HD 7470M,408,393
Radeon HD 7480D,288,117
Radeon HD 7500G,330,114
Radeon HD 7500G + 7500M/7600M Dual,617,308
Radeon HD 7500G + 7550M Dual,497,263
Radeon HD 7500G + HD 7500M/7600M Dual,356,265
Radeon HD 7520G,312,111
Radeon HD 7520G + 7400M Dual,487,280
Radeon HD 7520G + 7470M Dual,543,345
Radeon HD 7520G + 7500/7600 Dual,582,379
Radeon HD 7520G + 7600M Dual,591,362
Radeon HD 7520G + 7610M Dual,588,317
Radeon HD 7520G + 7650M Dual,453,345
Radeon HD 7520G + 7670M Dual,523,323
Radeon HD 7520G + 7700M Dual,"1,061",331
Radeon HD 7520G + 8600/8700M Dual,311,329
Radeon HD 7520G + 8750M Dual,377,388
Radeon HD 7520G + HD 7400M Dual,545,315
Radeon HD 7520G + HD 7500/7600 Dual,832,355
Radeon HD 7520G + HD 7600M Dual,447,150
Radeon HD 7520G + HD 7670M Dual,495,295
Radeon HD 7520G + HD 7700M Dual,575,389
Radeon HD 7520G + HD 8600/8700M Dual,624,291
Radeon HD 7520G + HD 8750M Dual,651,289
Radeon HD 7520G N HD 7520G + HD 7500/7600 7500/760,575,386
Radeon HD 7520G N HD 7520G + HD 7600M N HD 7600M D,365,263
Radeon HD 7540D,336,125
Radeon HD 7540D + 6570 Dual,720,469
Radeon HD 7540D + 7500 Dual,822,471
Radeon HD 7540D + HD 6450 Dual,643,444
Radeon HD 7550M,465,403
Radeon HD 7550M/7650M,729,524
Radeon HD 7560D,468,167
Radeon HD 7560D + 6450 Dual,569,490
Radeon HD 7560D + 6570 Dual,833,476
Radeon HD 7560D + 6670 Dual,"1,131",501
Radeon HD 7560D + 7560D Dual,983,420
Radeon HD 7560D + 7570 Dual,985,434
Radeon HD 7560D + 7670 Dual,"1,426",445
Radeon HD 7560D + 7700 Dual,"1,919",518
Radeon HD 7560D + HD 6570 Dual,"1,237",528
Radeon HD 7560D + HD 6670 Dual,"1,555",652
Radeon HD 7560D + HD 7000 Dual,534,423
Radeon HD 7560D + HD 7600 Dual,"1,258",457
Radeon HD 7560D + HD 7670 Dual,"1,380",463
Radeon HD 7560D + HD 7700 Dual,"1,347",497
Radeon HD 7560D + HD 8570 Dual,936,425
Radeon HD 7560D + R5 235 Dual,563,397
Radeon HD 7570,615,268
Radeon HD 7570M,448,201
Radeon HD 7570M/HD 7670M,699,555
Radeon HD 7580D,351,430
Radeon HD 7600G,320,99
Radeon HD 7600G + 6400M Dual,377,257
Radeon HD 7600G + 7450M Dual,390,221
Radeon HD 7600G + 7500M/7600M Dual,406,210
Radeon HD 7600G + 7550M Dual,423,247
Radeon HD 7600G + 8500M/8700M Dual,470,257
Radeon HD 7600G + HD 7400M Dual,329,147
Radeon HD 7600G + HD 7500M/7600M Dual,555,244
Radeon HD 7600G + HD 7550M Dual,509,202
Radeon HD 7600G + HD 8670M Dual,544,241
Radeon HD 7600G + HD Dual,435,158
Radeon HD 7600G N HD 7600G + HD ON HD Dual,526,244
Radeon HD 7600M + 7600M Dual,773,317
Radeon HD 7610M,632,479
Radeon HD 7620G,366,113
Radeon HD 7620G + 8600M Dual,509,294
Radeon HD 7620G + 8670M Dual,577,322
Radeon HD 7620G + HD 8600M Dual,443,267
Radeon HD 7620G + HD 8670M Dual,507,267
Radeon HD 7620G N HD 7620G + HD 8600M N HD 8600M D,452,238
Radeon HD 7640G,446,123
Radeon HD 7640G + 6400M Dual,527,279
Radeon HD 7640G + 7400M Dual,637,286
Radeon HD 7640G + 7450M Dual,754,353
Radeon HD 7640G + 7470M Dual,595,301
Radeon HD 7640G + 7500/7600 Dual,627,293
Radeon HD 7640G + 7500M/7600M Dual,776,317
Radeon HD 7640G + 7600M Dual,706,294
Radeon HD 7640G + 7610M Dual,510,309
Radeon HD 7640G + 7650M Dual,747,188
Radeon HD 7640G + 7670M Dual,645,294
Radeon HD 7640G + 7690M Dual,946,325
Radeon HD 7640G + 7700M Dual,691,324
Radeon HD 7640G + 8500M Dual,586,308
Radeon HD 7640G + 8570M Dual,558,274
Radeon HD 7640G + 8600/8700M Dual,689,308
Radeon HD 7640G + 8600M Dual,250,217
Radeon HD 7640G + 8670M Dual,558,316
Radeon HD 7640G + 8750M Dual,655,305
Radeon HD 7640G + HD 7400M Dual,621,297
Radeon HD 7640G + HD 7500/7600 Dual,424,301
Radeon HD 7640G + HD 7600M Dual,704,277
Radeon HD 7640G + HD 7600M N HD 7600M Dual,407,198
Radeon HD 7640G + HD 7670M Dual,519,97
Radeon HD 7640G + HD 7700M Dual,589,277
Radeon HD 7640G + HD 7700M N HD 7700M Dual,631,272
Radeon HD 7640G + HD 8500M Dual,607,305
Radeon HD 7640G + HD 8500M N HD 8500M Dual,666,311
Radeon HD 7640G + HD 8570M Dual,475,196
Radeon HD 7640G + HD 8600/8700M Dual,587,298
Radeon HD 7640G + HD 8670M Dual,677,249
Radeon HD 7640G + HD 8750M Dual,997,293
Radeon HD 7640G + R5 M200 Dual,559,249
Radeon HD 7640G + R5 M230 Dual,239,75
Radeon HD 7640G N HD 7640G + HD 7600M N HD 7600M D,824,262
Radeon HD 7640G N HD 7640G + HD 7670M Dual,680,305
Radeon HD 7640G N HD 7640G + HD 8570M Dual,423,287
Radeon HD 7650A,564,311
Radeon HD 7650M,451,69
Radeon HD 7660D,505,182
Radeon HD 7660D + 6570 Dual,"1,100",551
Radeon HD 7660D + 6670 Dual,"1,238",524
Radeon HD 7660D + 7470 Dual,466,491
Radeon HD 7660D + 7500 Dual,"1,121",500
Radeon HD 7660D + 7540D Dual,"1,204",547
Radeon HD 7660D + 7670 Dual,"1,062",494
Radeon HD 7660D + HD 6670 Dual,"1,485",515
Radeon HD 7660D + HD 7000 Dual,634,465
Radeon HD 7660D + HD 7400 Dual,340,448
Radeon HD 7660D + HD 7700 Dual,"1,958",495
Radeon HD 7660D + R5 235 Dual,524,386
Radeon HD 7660D + R7 240 Dual,942,453
Radeon HD 7660G,476,129
Radeon HD 7660G + 7400M Dual,588,326
Radeon HD 7660G + 7470M Dual,631,351
Radeon HD 7660G + 7600M Dual,832,341
Radeon HD 7660G + 7610M Dual,746,323
Radeon HD 7660G + 7670M Dual,743,347
Radeon HD 7660G + 7700M Dual,757,311
Radeon HD 7660G + 7730M Dual,931,392
Radeon HD 7660G + 8600M Dual,446,360
Radeon HD 7660G + 8670M Dual,588,333
Radeon HD 7660G + HD 7500/7600 7500/7600 Dual,"1,002",347
Radeon HD 7660G + HD 7500/7600 Dual,760,369
Radeon HD 7660G + HD 7500M/7600M Dual,999,323
Radeon HD 7660G + HD 7600M Dual,616,116
Radeon HD 7660G + HD 7600M N HD 7600M Dual,460,297
Radeon HD 7660G + HD 7670M Dual,707,317
Radeon HD 7660G + HD 7700M Dual,777,168
Radeon HD 7660G + HD 7730M Dual,882,329
Radeon HD 7660G + HD 8500M Dual,758,355
Radeon HD 7660G + HD 8600/8700M Dual,747,365
Radeon HD 7660G + HD 8600M Dual,364,337
Radeon HD 7660G + HD 8670M Dual,711,325
Radeon HD 7660G N HD 7660G + HD 7600M N HD 7600M D,723,292
Radeon HD 7660G N HD 7660G + HD 7670M Dual,705,318
Radeon HD 7660G N HD 7660G + HD 7700M N HD 7700M D,967,351
Radeon HD 7670,813,301
Radeon HD 7670A,"1,050",702
Radeon HD 7670M,487,129
Radeon HD 7670M + 7670M Dual,738,294
Radeon HD 7690M,"1,003",576
Radeon HD 7690M XT,"1,009",552
Radeon HD 7700-serie,"1,899",533
Radeon HD 7730,"1,217",402
Radeon HD 7730M,634,218
Radeon HD 7750,"1,697",398
Radeon HD 7750M,"1,191",693
Radeon HD 7770,"2,201",469
Radeon HD 7790,"3,090",459
Radeon HD 7800-serie,"4,029",708
Radeon HD 7850,"3,824",550
Radeon HD 7850M,"1,373",566
Radeon HD 7870,"4,668",588
Radeon HD 7870 XT,"4,470",661
Radeon HD 7870M,"1,507",556
Radeon HD 7950 / R9 280,"4,765",691
Radeon HD 7970 / R9 280X,"5,248",730
Radeon HD 7970M,"3,774",541
Radeon HD 7990,"5,566",766
Radeon HD 8180,152,55
Radeon HD 8210,193,50
Radeon HD 8210E,194,202
Radeon HD 8240,241,62
Radeon HD 8250,208,63
Radeon HD 8280,319,141
Radeon HD 8280E,241,82
Radeon HD 8280G,270,130
Radeon HD 8310E,341,187
Radeon HD 8330,252,68
Radeon HD 8330E,242,95
Radeon HD 8350,165,233
Radeon HD 8350G,443,332
Radeon HD 8370D,311,151
Radeon HD 8400,259,78
Radeon HD 8400E,273,123
Radeon HD 8410G,435,263
Radeon HD 8450G,356,149
Radeon HD 8450G + 8600/8700M Dual,"1,070",381
Radeon HD 8450G + 8600M Dual,545,356
Radeon HD 8450G + 8670M Dual,475,414
Radeon HD 8450G + 8750M Dual,637,299
Radeon HD 8450G + HD 8600M Dual,452,326
Radeon HD 8450G + HD 8670M Dual,575,377
Radeon HD 8450G + HD 8750M Dual,504,323
Radeon HD 8450G + R5 M230 Dual,578,298
Radeon HD 8470,257,172
Radeon HD 8470D,362,145
Radeon HD 8470D + 6450 Dual,717,558
Radeon HD 8470D + 6570 Dual,838,454
Radeon HD 8470D + HD 6450 Dual,863,590
Radeon HD 8470D + HD 6670 Dual,"1,436",512
Radeon HD 8470D + HD 7500 Dual,"1,545",465
Radeon HD 8490,265,173
Radeon HD 8500M,397,116
Radeon HD 8500M/8700M,853,503
Radeon HD 8510G,361,105
Radeon HD 8510G + 8500M Dual,596,260
Radeon HD 8510G + HD 8500M Dual,630,191
Radeon HD 8550D,685,357
Radeon HD 8550G,398,120
Radeon HD 8550G + 7600M Dual,901,395
Radeon HD 8550G + 8500M Dual,603,304
Radeon HD 8550G + 8570M Dual,533,307
Radeon HD 8550G + 8600/8700M Dual,803,336
Radeon HD 8550G + 8600M Dual,618,321
Radeon HD 8550G + 8670M Dual,579,334
Radeon HD 8550G + 8690M Dual,664,260
Radeon HD 8550G + 8750M Dual,796,321
Radeon HD 8550G + HD 7600M Dual,855,350
Radeon HD 8550G + HD 8500M Dual,559,301
Radeon HD 8550G + HD 8570M Dual,529,260
Radeon HD 8550G + HD 8600/8700M Dual,655,170
Radeon HD 8550G + HD 8600M Dual,594,322
Radeon HD 8550G + HD 8670M Dual,546,315
Radeon HD 8550G + HD 8750M Dual,819,336
Radeon HD 8550G + R5 M200 Dual,619,276
Radeon HD 8550G + R5 M230 Dual,488,211
Radeon HD 8550G N HD 8550G + HD 8600M N HD 8600M D,612,116
Radeon HD 8570,989,307
Radeon HD 8570 + 8670D Dual,620,496
Radeon HD 8570 + HD 7660D Dual,949,467
Radeon HD 8570D,439,154
Radeon HD 8570D + 6570 Dual,"1,239",459
Radeon HD 8570D + 6670 Dual,"1,040",505
Radeon HD 8570D + HD 6570 Dual,868,506
Radeon HD 8570D + HD 6670 Dual,"1,261",537
Radeon HD 8570D + HD 7000 Dual,753,465
Radeon HD 8570D + HD 7700 Dual,"1,835",466
Radeon HD 8570D + HD 8470 Dual,338,416
Radeon HD 8570D + HD 8570 Dual,"1,033",520
Radeon HD 8570D + HD8490 Dual,374,380
Radeon HD 8570D + R5 235 Dual,471,470
Radeon HD 8570D + R7 200 Dual,999,401
Radeon HD 8570D + R7 240 Dual,964,489
Radeon HD 8570M,422,164
Radeon HD 8600/8700M,"1,030",554
Radeon HD 8610G,409,122
Radeon HD 8610G + 8500M Dual,610,298
Radeon HD 8610G + 8600M Dual,589,320
Radeon HD 8610G + 8670M Dual,600,356
Radeon HD 8610G + HD 8500M Dual,646,274
Radeon HD 8610G + HD 8600M Dual,481,156
Radeon HD 8610G + HD 8670M Dual,578,282
Radeon HD 8610G + R5 M200 Dual,676,291
Radeon HD 8650D,526,398
Radeon HD 8650G,479,135
Radeon HD 8650G + 7600M Dual,742,404
Radeon HD 8650G + 7670M Dual,884,379
Radeon HD 8650G + 7700M Dual,"1,126",399
Radeon HD 8650G + 8500M Dual,627,351
Radeon HD 8650G + 8570M Dual,654,282
Radeon HD 8650G + 8600/8700M Dual,832,374
Radeon HD 8650G + 8600M Dual,613,370
Radeon HD 8650G + 8670M Dual,635,355
Radeon HD 8650G + 8750M Dual,787,381
Radeon HD 8650G + HD 7600M Dual,820,346
Radeon HD 8650G + HD 7670M Dual,634,305
Radeon HD 8650G + HD 8570M Dual,716,317
Radeon HD 8650G + HD 8600/8700M Dual,764,356
Radeon HD 8650G + HD 8600M Dual,606,378
Radeon HD 8650G + HD 8600M N HD 8600M Dual,758,413
Radeon HD 8650G + HD 8670M Dual,585,320
Radeon HD 8650G + HD 8750M Dual,779,345
Radeon HD 8650G + HD 8790M Dual,800,404
Radeon HD 8650G + R5 M200 Dual,723,323
Radeon HD 8650G + R5 M230 Dual,686,374
Radeon HD 8650G N HD 8650G + HD 8570M Dual,773,368
Radeon HD 8650G N HD 8650G + HD 8600/8700M Dual,796,322
Radeon HD 8650G N HD 8650G + HD 8600M N HD 8600M D,680,347
Radeon HD 8670D,548,189
Radeon HD 8670D + 6670 Dual,"1,361",568
Radeon HD 8670D + 7000 Dual,812,488
Radeon HD 8670D + 7700 Dual,"1,789",572
Radeon HD 8670D + 8570 Dual,974,419
Radeon HD 8670D + HD 6670 Dual,"1,222",541
Radeon HD 8670D + HD 7000 Dual,719,403
Radeon HD 8670D + HD 7600 Dual,"1,318",472
Radeon HD 8670D + HD 7700 Dual,"1,892",446
Radeon HD 8670D + R5 235 Dual,837,518
Radeon HD 8670D + R5 330 Dual,746,494
Radeon HD 8670D + R7 200 Dual,950,506
Radeon HD 8670D + R7 240 Dual,"1,020",525
Radeon HD 8670D N HD 8670D + HD 8670D Dual,489,526
Radeon HD 8670M,520,488
Radeon HD 8690A,466,128
Radeon HD 8690M,984,768
Radeon HD 8730M,668,187
Radeon HD 8750M,852,210
Radeon HD 8790M,"1,306",751
Radeon HD 8790M / R9 M290X,"1,211",694
Radeon HD 8850M,973,502
Radeon HD 8850M / R9 M265X,"1,140",741
Radeon HD 8870M,"1,638",629
Radeon HD 8870M / R9 M270X / M370X,"1,800",679
Radeon HD 8950,"2,267",423
Radeon HD 8970M,"3,876",807
Radeon HD 8990,"5,214",658
Radeon HD HD7850M,"1,652",686
Radeon HD4650,240,99
Radeon HD4670,366,585
RADEON HD6370D,320,312
RADEON HD6410D,423,296
RADEON HD6530D,532,327
RADEON HD7450,199,215
Radeon HD8530M,490,438
Radeon HD8970M,"3,369",663
Radeon HDG 4670,170,197
RADEON IGP 320,4,44
Radeon IGP 320M,4,101
Radeon IGP 340M,3,102
RADEON IGP 345M,3,82
RADEON IGP 34xM,2,89
RADEON IGP 350M,6,136
Radeon Infoshock 3000,107,475
Radeon Instinct MI25 MxGPU,"10,466",727
Radeon M535DX,750,288
Radeon Pro,"1,965",641
Radeon Pro 450,"2,723",619
Radeon Pro 455,"3,113",705
Radeon Pro 460,"3,453",679
Radeon Pro 465,"4,538",562
Radeon Pro 5300,"7,522",663
Radeon Pro 5300M,"5,840",636
Radeon Pro 5500 XT,"8,298",628
Radeon Pro 5500M,"6,734",687
Radeon Pro 555,"3,141",659
Radeon Pro 560,"3,475",724
Radeon Pro 5600M,"10,200",702
Radeon Pro 560X,"3,678",711
Radeon Pro 570,"6,337",697
Radeon Pro 5700,"11,844",829
Radeon Pro 5700 XT,"12,484",837
Radeon Pro 580,"7,753",943
Radeon Pro 580X,"7,540",698
Radeon Pro Duo,"8,324",715
Radeon Pro Ryzen 7 PRO 5850U,"2,217",645
Radeon Pro SSG,"10,498",601
Radeon Pro V340 MxGPU,"2,853",118
Radeon Pro V520 MxGPU,"12,853",546
Radeon Pro Vega 16,"4,683",672
Radeon Pro Vega 20,"5,117",544
Radeon Pro Vega 48,"11,504",821
Radeon Pro Vega 56,"12,386",860
Radeon Pro Vega 64,"12,402",836
Radeon Pro Vega 64X,"14,630",948
Radeon Pro Vega II,"14,738",827
Radeon Pro VII,"16,853",720
Radeon Pro W5500,"9,286",902
Radeon Pro W5500M,"2,010",533
Radeon Pro W5700,"15,019",903
Radeon PRO W6400,"5,916",621
Radeon PRO W6600,"14,181",939
Radeon PRO W6800,"18,870",914
Radeon Pro WX 2100,"1,758",404
Radeon Pro WX 3100,"2,599",487
Radeon Pro WX 3200,"2,456",478
Radeon Pro WX 4100,"3,766",690
Radeon Pro WX 4130,"1,881",395
Radeon Pro WX 4150,"1,935",413
Radeon Pro WX 4170,"1,409",427
Radeon Pro WX 5100,"5,511",820
Radeon Pro WX 7100,"7,822",787
Radeon Pro WX 7130,"5,722",695
Radeon Pro WX 8200,"14,110",824
Radeon Pro WX 9100,"13,241",772
Radeon Pro WX Vega M GL,"6,049",777
Radeon R1E,301,179
Radeon R2,241,68
Radeon R2E,229,100
Radeon R3,302,96
Radeon R3E,206,90
Radeon R4,332,101
Radeon R4E,487,366
Radeon R5 220,135,112
Radeon R5 230,222,255
Radeon R5 235,329,176
Radeon R5 235 + HD 7560D Dual,744,441
Radeon R5 235 + HD 8570D Dual,738,486
Radeon R5 235X,280,210
Radeon R5 240,520,195
Radeon R5 310,332,545
Radeon R5 330,513,200
Radeon R5 340,996,370
Radeon R5 420,575,230
Radeon R5 430,939,313
Radeon R5 435,841,235
Radeon R5 A10-9600P 4C+6G,619,146
"Radeon R5 A10-9600P RADEON R5, 10 COMPUTE CORES 4C",716,146
Radeon R5 A10-9620P 4C+6G,732,196
"Radeon R5 A10-9620P RADEON R5, 10 COMPUTE CORES 4C",626,165
Radeon R5 A10-9630P 4C+6G,977,270
"Radeon R5 A10-9630P RADEON R5, 10 COMPUTE CORES 4C",580,175
Radeon R5 A240,576,802
Radeon R5 A6-7480,811,217
Radeon R5 A6-8500P,624,209
"Radeon R5 A6-9400 RADEON R5, 6 COMPUTE CORES 2C+4G",605,271
Radeon R5 A6-9500 2C+6G,853,249
"Radeon R5 A6-9500 RADEON R5, 8 COMPUTE CORES 2C+6G",878,200
Radeon R5 A6-9500E 2C+4G,"1,015",438
Radeon R5 M230,391,139
Radeon R5 M240,432,247
Radeon R5 M255,500,141
Radeon R5 M315,476,205
Radeon R5 M320,427,139
Radeon R5 M330,596,519
Radeon R5 M335,549,577
Radeon R5 M420,470,164
Radeon R5 M430,649,516
Radeon R5 M435,796,179
Radeon R5 Opteron X3216,394,182
Radeon R5 PRO A10-8730B 4C+6G,695,201
"Radeon R5 PRO A10-8730B R5, 10 COMPUTE CORES 4C+6G",598,152
Radeon R5 PRO A6-8500B 2C+4G,508,416
Radeon R5 PRO A6-8530B 2C+4G,690,354
Radeon R5 PRO A6-8570 2C+6G,847,292
"Radeon R5 PRO A6-8570 R5, 8 COMPUTE CORES 2C+6G","1,064",249
Radeon R5 PRO A6-8570E 2C+4G,638,268
"Radeon R5 PRO A6-8570E R5, 6 COMPUTE CORES 2C+4G",866,210
Radeon R5 PRO A6-9500 2C+6G,"1,096",353
"Radeon R5 PRO A6-9500 R5, 8 COMPUTE CORES 2C+6G","1,000",231
Radeon R5 PRO A6-9500B 2C+4G,693,323
"Radeon R5 PRO A6-9500B R5, 6 COMPUTE CORES 2C+4G",507,131
Radeon R5 PRO A6-9500E 2C+4G,771,288
Radeon R5 PRO A8-9600B 4C+6G,659,224
"Radeon R5 PRO A8-9600B R5, 10 COMPUTE CORES 4C+6G",718,181
Radeon R5E,301,106
Radeon R6,650,146
Radeon R6 + R7 M265DX Dual,571,328
Radeon R6 A10-8700P,532,140
Radeon R6 A10-9600P 4C+6G,970,336
Radeon R6 A8-8600P,475,151
Radeon R6 M255DX,572,106
Radeon R6 Opteron X3418,955,399
Radeon R6 PRO A10-8700B 4C+6G,538,146
"Radeon R6 PRO A10-8700B R6, 10 Compute Cores 4C+6G",526,146
Radeon R6 PRO A8-8600B 4C+6G,532,158
"Radeon R6 PRO A8-8600B R6, 10 Compute Cores 4C+6G",572,151
Radeon R7 + HD 7700 Dual,"1,962",498
Radeon R7 + R5 330 Dual,"1,028",531
Radeon R7 + R5 340 Dual,"1,235",471
Radeon R7 + R5 435 Dual A10-9700 RADEON,886,480
Radeon R7 + R5 Dual,898,496
Radeon R7 + R7 200 Dual,"1,129",310
Radeon R7 + R7 240 Dual,"1,045",374
Radeon R7 + R7 250 Dual,"1,232",576
Radeon R7 + R7 350 Dual,"1,982",552
Radeon R7 +8G,"1,191",460
Radeon R7 240,863,259
Radeon R7 240 + HD 8570D Dual,918,352
Radeon R7 240 + HD 8670D Dual,930,471
Radeon R7 250,"1,153",296
Radeon R7 250X,"2,269",637
Radeon R7 260,"2,892",559
Radeon R7 260X,"3,149",506
Radeon R7 340,931,357
Radeon R7 360,"3,034",495
Radeon R7 370,"4,474",594
Radeon R7 430,"1,122",423
Radeon R7 450,"1,974",573
Radeon R7 7850A10-7850K,551,506
Radeon R7 A10 Extreme Edition,816,286
Radeon R7 A10 PRO-7800B,562,289
Radeon R7 A10 PRO-7850B,958,403
Radeon R7 A10-7700K,749,227
Radeon R7 A10-7800,691,197
Radeon R7 A10-7850K,981,285
Radeon R7 A10-7860K,912,228
Radeon R7 A10-7870K,"1,280",273
Radeon R7 A10-7890K,781,241
Radeon R7 A10-8750,885,243
Radeon R7 A10-8850,773,277
Radeon R7 A10-9700 RADEON,975,239
Radeon R7 A10-9700E RADEON,"1,138",346
Radeon R7 A12-9700P RADEON,703,165
Radeon R7 A12-9720P RADEON,759,186
Radeon R7 A12-9730P RADEON,"1,047",283
Radeon R7 A12-9800 RADEON,989,288
Radeon R7 A12-9800E RADEON,941,257
Radeon R7 A265,955,737
Radeon R7 A360,676,346
Radeon R7 A365,781,763
Radeon R7 A370,"1,281",742
Radeon R7 A8 PRO-7600B,627,156
Radeon R7 A8-7500,948,336
Radeon R7 A8-7500 4C+6G,853,390
Radeon R7 A8-7600,781,209
Radeon R7 A8-7650K,704,208
Radeon R7 A8-7670K,862,318
Radeon R7 A8-7680,752,210
Radeon R7 A8-8650,913,499
Radeon R7 A8-9600 RADEON,808,193
Radeon R7 FX-8800P,775,184
Radeon R7 FX-9800P RADEON,727,197
Radeon R7 FX-9830P RADEON,"1,110",229
Radeon R7 G,870,532
Radeon R7 M260,451,117
Radeon R7 M260DX,822,210
Radeon R7 M260X,947,175
Radeon R7 M265,576,170
Radeon R7 M265DX,499,138
Radeon R7 M270,734,167
Radeon R7 M270DX,962,233
Radeon R7 M340,640,150
Radeon R7 M350,"1,027",230
Radeon R7 M360,552,150
Radeon R7 M365X,884,234
Radeon R7 M370,"1,418",676
Radeon R7 M380,"1,669",534
Radeon R7 M440,868,181
Radeon R7 M445,913,182
Radeon R7 M460,"1,046",227
Radeon R7 M465,"1,202",479
Radeon R7 M465X,"1,624",440
Radeon R7 Opteron X3421,"1,169",328
Radeon R7 PRO A10-8750B,758,224
Radeon R7 PRO A10-8770,931,241
Radeon R7 PRO A10-8770E,899,241
Radeon R7 PRO A10-8850B,945,552
Radeon R7 PRO A10-9700,771,212
Radeon R7 PRO A10-9700B,758,259
Radeon R7 PRO A10-9700E,933,234
Radeon R7 PRO A12-8800B,642,201
Radeon R7 PRO A12-8830B,883,341
Radeon R7 PRO A12-8870,"1,376",541
Radeon R7 PRO A12-8870E,962,312
Radeon R7 PRO A12-9800,"1,117",334
Radeon R7 PRO A12-9800B,722,197
Radeon R7 PRO A12-9800E,989,266
Radeon R7 PRO A6-9500 2C+6G,781,439
Radeon R7 PRO A8-8650B,730,191
Radeon R7 PRO A8-8670E,"1,310",442
Radeon R7 PRO A8-9600,"1,049",482
Radeon R7E,690,208
Radeon R8 M365DX,741,336
Radeon R8 M445DX,806,179
Radeon R8 M535DX,670,182
Radeon R9 255,"1,485",395
Radeon R9 260,"3,018",643
Radeon R9 270,"4,306",567
Radeon R9 270 / R7 370,"4,260",645
Radeon R9 270X,"4,922",607
Radeon R9 280,"5,661",678
Radeon R9 280X,"6,285",691
Radeon R9 285,"6,680",597
Radeon R9 285 / 380,"5,550",655
Radeon R9 290,"8,404",788
Radeon R9 290 / 390,"8,150",695
Radeon R9 290X,"8,785",788
Radeon R9 290X / 390X,"8,389",699
Radeon R9 295X2,"8,619",804
Radeon R9 350,"2,007",552
Radeon R9 360,"3,032",460
Radeon R9 370,"4,722",781
Radeon R9 380,"6,271",674
Radeon R9 380X,"6,184",671
Radeon R9 390,"9,001",816
Radeon R9 390X,"9,509",843
Radeon R9 A375,"1,024",232
Radeon R9 Fury,"9,551",791
Radeon R9 Fury + Fury X,"9,741",811
Radeon R9 Fury X,"10,058",882
Radeon R9 M265X,914,213
Radeon R9 M270X,"1,204",306
Radeon R9 M275,"1,115",569
Radeon R9 M275X,"1,963",434
Radeon R9 M275X / M375,"1,575",467
Radeon R9 M280X,922,272
Radeon R9 M290X,"3,375",453
Radeon R9 M295X,"5,150",832
Radeon R9 M360,"1,741",431
Radeon R9 M365X,"1,482",446
Radeon R9 M370X,"1,360",346
Radeon R9 M375,763,172
Radeon R9 M375X,"1,843",392
Radeon R9 M380,"2,931",617
Radeon R9 M385,"2,018",230
Radeon R9 M385X,"1,929",285
Radeon R9 M390X,"3,021",507
Radeon R9 M395,"4,991",725
Radeon R9 M395X,"4,775",762
Radeon R9 M470,"2,194",376
Radeon R9 M470X,"3,400",552
Radeon R9 M485X,"3,204",492
Radeon RX 460,"4,111",570
Radeon RX 470/570,"8,067",726
Radeon RX 480,"8,672",779
Radeon RX 5300,"7,611",854
Radeon RX 5300M,"3,612",357
Radeon RX 540,"1,820",416
Radeon RX 550,"2,715",483
Radeon RX 5500,"8,825",875
Radeon RX 5500 XT,"9,189",824
Radeon RX 5500M,"4,022",415
Radeon RX 550X,"2,414",518
Radeon RX 560,"3,593",507
Radeon RX 5600,"11,030",935
Radeon RX 5600 XT,"13,839",914
Radeon RX 5600M,"7,117",540
Radeon RX 560X,"3,181",487
Radeon RX 5700,"14,723",926
Radeon RX 5700 XT,"16,887",955
Radeon RX 5700 XT 50th Anniversary,"16,714",969
Radeon RX 570X,"1,923",750
Radeon RX 580,"8,905",771
Radeon RX 580 2048SP,"7,768",669
Radeon RX 580X,"7,798",885
Radeon RX 590,"9,669",810
Radeon RX 640,"1,543",278
Radeon RX 6500 XT,"9,537",920
Radeon RX 6600,"13,750",935
Radeon RX 6600 XT,"15,813",997
Radeon RX 6600M,"9,013",688
Radeon RX 6700 XT,"18,996","1,014"
Radeon RX 6700M,"11,395",551
Radeon RX 6700S,"12,167",866
Radeon RX 6800,"20,639","1,030"
Radeon RX 6800 XT,"23,293","1,076"
Radeon RX 6800M,"8,731",652
Radeon RX 6900 XT,"25,401","1,105"
Radeon RX Vega 10,"1,696",388
Radeon RX Vega 11,"2,134",535
Radeon RX Vega 11 PRD,"2,402",601
Radeon RX Vega 11 Processor,"1,755",460
Radeon RX Vega 56,"13,644",784
Radeon RX Vega 64,"14,636",810
Radeon RX Vega 8,"1,552",385
Radeon RX Vega M GH,"6,734",832
Radeon RX Vega M GL,"3,315",506
Radeon RX Vega11,"1,717",448
Radeon RX590 GME,"8,628",704
Radeon Ryzen 3 4300G,"1,596",588
Radeon Ryzen 3 4300GE,"2,323",686
Radeon Ryzen 3 4300U,"1,307",486
Radeon Ryzen 3 5300G,"1,406",643
Radeon Ryzen 3 5400U,"1,183",594
Radeon Ryzen 3 PRO 4200GE,"1,712",600
Radeon Ryzen 3 PRO 4350G,"2,151",643
Radeon Ryzen 3 PRO 4350GE,"1,468",575
Radeon Ryzen 3 PRO 4450U,"1,518",559
Radeon Ryzen 3 PRO 5350G,"1,408",632
Radeon Ryzen 3 PRO 5450U,"1,143",555
Radeon Ryzen 5 4500U,"1,801",550
Radeon Ryzen 5 4600G,"2,176",649
Radeon Ryzen 5 4600GE,"1,412",467
Radeon Ryzen 5 4600H,"2,747",565
Radeon Ryzen 5 4600HS,"7,942",447
Radeon Ryzen 5 4600U,"1,837",535
Radeon Ryzen 5 5600G,"2,555",818
Radeon Ryzen 5 5600H,"2,721",695
Radeon Ryzen 5 5600U,"2,046",646
Radeon Ryzen 5 Microsoft Surface Edition,"2,085",515
Radeon Ryzen 5 PRO 4650G,"2,415",704
Radeon Ryzen 5 PRO 4650GE,"2,034",642
Radeon Ryzen 5 PRO 4650U,"1,717",542
Radeon Ryzen 5 PRO 5650G,"2,161",757
Radeon Ryzen 5 PRO 5650GE,"2,437",821
Radeon Ryzen 5 PRO 5650U,"2,164",682
Radeon Ryzen 7 4700G,"2,580",732
Radeon Ryzen 7 4700GE,"2,434",724
Radeon Ryzen 7 4700U,"2,044",559
Radeon Ryzen 7 4800H,"5,244",494
Radeon Ryzen 7 4800HS,"8,842",426
Radeon Ryzen 7 4800U,"2,271",596
Radeon Ryzen 7 4850U Mobile,"2,138",519
Radeon Ryzen 7 5700G,"2,782",851
Radeon Ryzen 7 5800H,"2,777",741
Radeon Ryzen 7 5800U,"2,307",682
Radeon Ryzen 7 Microsoft Surface Edition,"2,298",540
Radeon Ryzen 7 PRO 4750G,"2,602",707
Radeon Ryzen 7 PRO 4750GE,"2,200",652
Radeon Ryzen 7 PRO 4750U,"2,030",566
Radeon Ryzen 7 PRO 5750G,"2,154",771
Radeon Ryzen 7 PRO 5750GE,"2,764",869
Radeon Ryzen 7 PRO 5850U,"2,344",686
Radeon Ryzen 9 4900H,"2,685",673
Radeon Ryzen 9 4900HS,"8,572",378
Radeon Ryzen 9 4900HSS,"9,461",417
Radeon Ryzen 9 5900H,"2,755",837
Radeon Ryzen 9 5900HS,"10,463",453
Radeon Ryzen 9 5900HX,"3,143",789
Radeon Ryzen Embedded V2718,"2,149",605
Radeon Ryzen Embedded V2748,"1,296",503
Radeon Sky 500,"4,736",551
Radeon TM R9 A360,"2,105",718
Radeon VE,2,36
Radeon Vega 10,"1,553",385
Radeon Vega 10 Mobile,"1,457",335
Radeon Vega 11,"1,847",509
Radeon Vega 2,491,247
Radeon Vega 3,889,309
Radeon Vega 3 Mobile,"1,029",310
Radeon Vega 6,"1,292",353
Radeon Vega 8,"1,594",421
Radeon Vega 8 Mobile,"1,438",349
Radeon Vega 9,"1,666",442
Radeon Vega Frontier Edition,"13,748",753
Radeon VII,"16,754",788
Radeon X1050,49,245
Radeon X1200,33,169
Radeon X1250,37,199
Radeon X1270,31,169
Radeon X1300,58,237
Radeon X1300 PRO,84,313
Radeon X1550,67,253
Radeon X1550 64-bit,48,257
Radeon X1600,49,209
Radeon X1600 Pro,99,273
Radeon X1600 Pro / X1300XT,69,285
Radeon X1600 XT,116,356
Radeon X1650 GTO,75,384
Radeon X1650 Pro,85,241
Radeon X1650 SE,71,358
Radeon X1700 Targa Edition,117,255
Radeon X1800 GTO,141,415
Radeon X1900 CrossFire Edition,137,507
Radeon X1900 GT,146,409
Radeon X1950 CrossFire Edition,151,466
Radeon X1950 GT,106,279
Radeon X1950 Pro,113,318
RADEON X300SE,38,242
RADEON X550,51,266
RADEON X550XT,56,224
Radeon X550XTX,71,240
RADEON X600 256MB HyperMemory,57,210
RADEON X600XT,92,258
RADEON X700,73,248
RADEON X700 PRO,76,302
RADEON X700 SE,71,348
RADEON X800 GT,84,423
RADEON X800 GTO,115,162
RADEON X800 PRO,65,190
RADEON X800 PRO/GTO,73,181
RADEON X800 SE,130,384
RADEON X800 XL,69,271
RADEON X800 XT,98,271
RADEON X800 XT Platinum Edition,81,170
RADEON X800GT,80,264
RADEON X850 PRO,73,157
RADEON X850 XT,81,326
RADEON X850 XT Platinum Edition,82,261
Radeon Xpress 1100,34,187
Radeon Xpress 1150,30,192
Radeon Xpress 1200,36,192
Radeon Xpress 1250,43,197
Radeon Xpress 1270,27,191
Radeon Xpress 1300,52,266
Radeon Xpress 1300M,40,195
RADEON XPRESS 200,30,188
RADEON XPRESS 200 CROSSFIRE,18,164
RADEON XPRESS 200M,23,176
Radeon. HD 7730M,928,678
RadeonT,132,40
RadeonT 540X,"1,804",438
RadeonT R5 430,"1,012",579
RadeonT R7 450,"2,185",930
RadeonT RX 5300,"7,321",809
RadeonT RX 5500M,"3,166",336
RadeonT RX 560X,"1,810",676
RadeonT RX 640,"1,363",281
RadeonT RX 6850M,"15,899",823
RadeonT Vega 3,775,391
Rage 128 Pro,1,40
RAGE 128 PRO AGP 4X TMDS,1,142
Rage Fury Pro/Xpert 2000 Pro,3,53
Red Hat QXL controller,32,270
RGH Drivers v3,11,312
RIVA TNT2 Model 64/Model 64 Pro,4,107
RIVA TNT2/TNT2 Pro,3,71
RTX A2000,"13,048",897
RTX A2000 12GB,"12,879","1,102"
RTX A2000 Laptop GPU,"10,142",446
RTX A3000 12GB Laptop GPU,"9,975",459
RTX A3000 Laptop GPU,"13,105",487
RTX A4000,"19,154",924
RTX A4000 Laptop GPU,"16,493",556
RTX A4500,"21,546",892
RTX A5000,"22,901",979
RTX A5000 Laptop GPU,"16,171",645
RTX A6000,"22,066",829
RV530 PRO,119,386
Ryzen 3 4300G with Radeon Graphics,"1,903",650
Ryzen 3 4300GE with Radeon Graphics,"2,402",687
Ryzen 3 4300U with Radeon Graphics,"1,348",493
Ryzen 3 5300G with Radeon Graphics,"2,223",805
Ryzen 3 5300GE with Radeon Graphics,"2,386",840
Ryzen 3 5300U with Radeon Graphics,"1,626",557
Ryzen 3 5400U with Radeon Graphics,"1,734",668
Ryzen 3 PRO 4200G with Radeon Graphics,"1,799",705
Ryzen 3 PRO 4200GE with Radeon Graphics,"1,784",587
Ryzen 3 PRO 4300U with Radeon Graphics,"1,543",539
Ryzen 3 Pro 4350G with Radeon Graphics,"2,190",663
Ryzen 3 PRO 4350GE with Radeon Graphics,"2,181",694
Ryzen 3 PRO 4450U with Radeon Graphics,"1,538",562
Ryzen 3 PRO 5350G with Radeon Graphics,"2,341",830
Ryzen 3 PRO 5350GE with Radeon Graphics,"2,341",821
Ryzen 3 PRO 5450U with Radeon Graphics,"1,556",644
Ryzen 5 2500U with Radeon Vega,"1,503",388
Ryzen 5 4500U with Radeon Graphics,"1,813",538
Ryzen 5 4600G with Radeon Graphics,"2,062",679
Ryzen 5 4600H with Radeon Graphics,"1,939",573
Ryzen 5 4600U with Radeon Graphics,"1,951",577
Ryzen 5 5500U with Radeon Graphics,"2,001",563
Ryzen 5 5600G with Radeon Graphics,"2,595",822
Ryzen 5 5600GE with Radeon Graphics,"2,602",886
Ryzen 5 5600H with Radeon Graphics,"2,387",730
Ryzen 5 5600U with Radeon Graphics,"2,160",673
Ryzen 5 PRO 4400G with Radeon Graphics,"2,306",599
Ryzen 5 PRO 4400GE with Radeon Graphics,"1,442",563
Ryzen 5 PRO 4500U with Radeon Graphics,"2,008",564
Ryzen 5 Pro 4650G with Radeon Graphics,"2,395",675
Ryzen 5 PRO 4650GE with Radeon Graphics,"1,977",649
Ryzen 5 PRO 4650U with Radeon Graphics,"1,696",526
Ryzen 5 PRO 5650G with Radeon Graphics,"2,513",873
Ryzen 5 PRO 5650GE with Radeon Graphics,"2,506",865
Ryzen 5 PRO 5650U with Radeon Graphics,"2,184",738
Ryzen 7 2700U with Radeon Vega,"1,617",442
Ryzen 7 4700G with Radeon Graphics,"2,187",671
Ryzen 7 4700GE with Radeon Graphics,"2,496",761
Ryzen 7 4700U with Radeon Graphics,"2,033",553
Ryzen 7 4800H with Radeon Graphics,"2,113",585
Ryzen 7 4800HS with Radeon Graphics,"6,999",355
Ryzen 7 4800U with Radeon Graphics,"2,344",570
Ryzen 7 5700G with Radeon Graphics,"2,709",846
Ryzen 7 5700GE with Radeon Graphics,"2,675",894
Ryzen 7 5700U with Radeon Graphics,"2,289",601
Ryzen 7 5800H with Radeon Graphics,"2,833",789
Ryzen 7 5800HS with Radeon Graphics,"7,391",522
Ryzen 7 5800U with Radeon Graphics,"2,467",729
Ryzen 7 Extreme Edition,"2,158",559
Ryzen 7 PRO 4700G with Radeon Graphics,"2,880",712
Ryzen 7 Pro 4750G with Radeon Graphics,"2,682",702
Ryzen 7 PRO 4750GE with Radeon Graphics,"2,550",683
Ryzen 7 PRO 4750U with Radeon Graphics,"2,028",548
Ryzen 7 PRO 5750G with Radeon Graphics,"2,591",894
Ryzen 7 PRO 5750GE with Radeon Graphics,"2,613",876
Ryzen 7 PRO 5850U with Radeon Graphics,"2,440",742
Ryzen 9 4900H with Radeon Graphics,"2,714",691
Ryzen 9 5900HS with Radeon Graphics,"5,049",576
Ryzen 9 5900HX with Radeon Graphics,"2,968",799
Ryzen 9 5980HS with Radeon Graphics,"2,534",830
S3 5400EW,145,10
S3 Chrome 430 ULP,40,310
S3 Chrome S25 DDR2,18,252
S3 Inc. Savage4,3,21
S3 ProSavageDDR,1,41
S3 SuperSavage/IXC 1014,2,147
SAPPHIRE RADEON 9000 ATLANTIS PRO,5,158
SAPPHIRE RADEON 9600 ATLANTIS,47,149
SAPPHIRE Radeon X1550,61,285
Sapphire RADEON X800 GT,113,274
Seria Mobility Radeon HD 3400,125,148
Seria Radeon HD 7700,"1,604",201
SUMO 9640,650,398
SUMO 9644,466,386
SUMO 964A,498,403
T1000,"7,833",833
T1000 8GB,"7,370",846
T1200 Laptop GPU,"7,899",370
T400,"3,645",572
T400 4GB,"3,848",789
T500,"3,602",294
T550 Laptop GPU,"4,894",364
T600,"6,511",729
T600 Laptop GPU,"6,725",334
TENSOR 1.0 Driver Intel HD 630,"1,300",873
Tesla C2050,"3,515",493
Tesla C2050 / C2070,"3,428",568
Tesla C2070,"3,101",494
Tesla C2075,"3,118",589
Tesla K20m,"5,675",377
Tesla K20Xm,"5,428",329
Tesla K40m,705,21
Tesla M10,"3,490",522
Tesla M2070-Q,"1,306",444
Tesla M40,"10,117",364
Tesla M40 24GB,"11,658",372
Tesla M6,"7,509",441
Tesla M60,"7,771",563
Tesla P100-PCIE-16GB,"7,225",572
Tesla T10,"13,264",624
Tesla T4,"11,113",567
Tesla V100-SXM2-16GB,"16,235",406
TITAN RTX,"20,169",844
TITAN V,"18,816",845
TITAN V CEO Edition,"16,988","1,086"
TITAN Xp,"19,508",992
TITAN Xp COLLECTORS EDITION,"18,721",924
TRINITY DEVASTATOR MOBILE,699,335
TRINITY SCRAPPER MOBILE,498,280
V9560XT V62.11,6,86
Vanta/Vanta LT,3,91
VIA Chrome9 HC IGP,4,167
VIA Chrome9 HC IGP Family,4,178
VIA Chrome9 HC IGP Family WDDM,4,165
VIA Chrome9 HC IGP Prerelease WDDM 1.1,2,100
VIA Chrome9 HC IGP WDDM,3,144
VIA Chrome9 HC IGP WDDM 1.1,3,147
VIA Chrome9 HC3 IGP,3,157
VIA Chrome9 HCM IGP,2,94
VIA Chrome9 HD IGP,9,59
VIA/S3G C-645/640 GPU,163,122
VIA/S3G Chrome 645/640 GPU,110,161
VIA/S3G DeltaChrome IGP,3,125
VIA/S3G KM400/KN400,4,124
VIA/S3G UniChrome IGP,4,164
VIA/S3G UniChrome Pro IGP,5,164
VIA/S3G UniChromeII,6,225
VisionTek Radeon 7000,2,117
WinFast A250 LE,5,197
WinFast GT 610,212,558
Xabre,5,28
XFX Radeon HD 4650 AGP,110,138
XGI Volari Family v1.13.23.D_V,5,34
ZX Chrome 645/640 GPU,147,220
zxcvIntel HD 620,944,208
